"","Metabolite","KEGG_ID","Normalized_Type_Score_1","Normalized_Type_Score_2","Total_Score","Normalized_Total_Score"
"1","(2E)-Dodecenoyl-CoA","C03221",0.115372033655379,0.0141509433962264,0.0450233759252678,0.0551302617919022
"2","(2E)-Hexadecenoyl-CoA","C05272",0.115372033655379,0.0141509433962264,0.0450233759252678,0.0551302617919022
"3","(3a,5b,7a)-23-Carboxy-7-hydroxy-24-norcholan-3-yl-b-D-Glucopyranosiduronic acid","None",0.105290710470889,0,0.0321136666936212,0.0393225700102074
"4","(3S)-3-Hydroxyadipyl-CoA","C14145",0.269467589408738,0,0.0821876147696652,0.100637160701243
"5","(R)-lipoic acid","C00725",0.0845670571220785,0,0.0257929524222339,0.0315829764028379
"6","(S)-3-Hydroxyhexadecanoyl-CoA","C05258",0.328839082147795,0,0.100295920055077,0.12281043381718
"7","(S)-3-Hydroxyisobutyric acid","C06001",0.247249255632538,0,0.0754110229679241,0.0923393537862982
"8","(S)-3-Hydroxyisobutyryl-CoA","C06000",0.263630091393862,0,0.0804071778751279,0.0984570498125631
"9","(S)-Methylmalonic acid semialdehyde","C06002",0.149971064769516,0,0.0457411747547025,0.0560091927153927
"10","1-Butanol","C06142",0.119760521206643,0,0.0365269589680261,0.0447265619022408
"11","1-Methylhistamine","C05127",0.158442389972543,0,0.0483249289416255,0.0591729502480891
"12","1-Pentanol","C16834",0.102370767173377,0,0.0312230839878799,0.0382320685383418
"13","1-Phenylethylamine","C02455",0.0578314723399781,0,0.0176385990636933,0.0215981268405525
"14","1-Phosphatidyl-1D-myo-inositol 3-phosphate","C04549",0,0,0,0
"15","1-Phosphatidyl-D-myo-inositol","C01194",0.37725727784069,0.3,0.32356346974141,0.396197273672878
"16","1-Pyrroline-5-carboxylic acid","C04322",0.0863156303581762,0,0.0263262672592437,0.0322360102097799
"17","1,3-Diaminopropane","C00986",0.0758445538884958,0,0.0231325889359912,0.028325412249905
"18","10-Formyltetrahydrofolate","C00234",0.0349173804931897,0.3,0.219149801050423,0.26834473549045
"19","11-cis-Retinol","C00899",0,0,0,0
"20","11,12-EpETrE","None",0.261646530068078,0,0.0798021916707637,0.0977162557885332
"21","11b-Hydroxyandrost-4-ene-3,17-dione","C05284",0.370335058237712,0.15,0.217202192762502,0.265959926431277
"22","11b-Hydroxyprogesterone","C05498",0.167572138363279,0,0.0511095022008,0.0625826068898263
"23","11b,17a,21-Trihydroxypreg-nenolone","C05489",0.25528692897813,0.375,0.33848751333833,0.41447147931791
"24","12-Keto-tetrahydro-leukotriene B4","C02165",0.0889714959076586,0,0.0271363062518359,0.0332278874470039
"25","13-HETE","None",0.0919784848349551,0,0.0280534378746613,0.0343508975595269
"26","15(S)-HETE","C04742",0,0,0,0
"27","15(S)-HPETE","C05966",0.16329263263359,0,0.0498042529532449,0.060984354176817
"28","16a-Hydroxyestrone","C05300",0.296809481135413,0,0.0905268917463009,0.110848445693293
"29","16b-Hydroxyestrone","C05300",0.222607110851559,0,0.0678951688097256,0.0831363342699696
"30","17-Hydroxyprogesterone","C01176",0.251597560954843,0.1875,0.207049756091227,0.253528462108341
"31","17a-Hydroxypregnenolone","C05138",0.262256612427589,0.25,0.253738266790415,0.310697649549829
"32","17a,21-Dihydroxypreg-nenolone","C05487",0.263845492204008,0.25,0.254222875122223,0.311291043173698
"33","19-Hydroxyandrost-4-ene-3,17-dione","C05290",0.203874697917191,0,0.0621817828647432,0.0761404025702259
"34","19-Oxotestosterone","C05295",0.195379918837308,0,0.0595908752453789,0.0729678857964665
"35","1b-Hydroxycholic acid","None",0.175484517451482,0,0.053522777822702,0.0655376166836789
"36","1D-Myo-inositol 1,4-bisphosphate","C01220",0.11774780554557,0,0.035913080691399,0.0439748797059748
"37","1D-myo-Inositol 3-phosphate","C04006",0,0,0,0
"38","1D-Myo-inositol 3,4-bisphosphate","C04063",0.115952826746823,0,0.0353656121577811,0.0433045149685264
"39","2-(a-Hydroxyethyl)thiamine diphosphate","C05125",0.186157472851047,0.3,0.265278029219569,0.32482786770121
"40","2-Arachidonylglycerol","C13856",0,0,0,0
"41","2-Hydroxybutyric acid","C05984",0.381714821454846,0,0.116423020543728,0.142557759592115
"42","2-Ketobutyric acid","C00109",0.20272261098965,0.0714285714285714,0.1114732534947,0.136496864610033
"43","2-Methoxyestradiol","C05302",0.0275142300755174,0,0.0083918401730328,0.0102756476196503
"44","2-Methoxyestrone","C05299",0,0,0,0
"45","2-Methyl-3-hydroxybutyryl-CoA","C04405",0.23861369028429,0,0.0727771755367084,0.0891142580350629
"46","2-Methyl-3-oxopropanoic acid","C00349",0.170923455410766,0,0.0521316539002838,0.0638342120754773
"47","2-Methylacetoacetyl-CoA","C03344",0.246357103310569,0,0.0751389165097235,0.0920061646380485
"48","2-Methylbutyryl-CoA","C01033",0.112432555917429,0.0151515151515152,0.0448222325851187,0.0548839656230294
"49","2-Oxo-4-methylthiobutanoic acid","C01180",0,0,0,0
"50","2-Phospho-D-glyceric acid","C00631",0,0,0,0
"51","2-Phosphoglyceric acid","None",0.0644548791929926,0,0.0196587381538628,0.024071748478387
"52","2,2,2-Trichloroethanol","C07490",0.062781442091609,0,0.0191483398379407,0.0234467755127517
"53","2,3-Diphosphoglyceric acid","C01159",0,0,0,0
"54","2,3-Epoxyaflatoxin B1","C19586",0.249964264509239,0,0.0762391006753178,0.0933533190844231
"55","2'-Deoxyguanosine 5'-monophosphate","C00362",0.308979674962844,0,0.0942388008636674,0.115393607338387
"56","2'-Deoxyinosine triphosphate","C01345",0.290743001981201,0,0.0886766156042664,0.108582817983212
"57","20-Hydroxy-leukotriene B4","C04853",0.212309081074306,0,0.0647542697276633,0.0792903634804078
"58","20-Hydroxyeicosatetraenoic acid","C14748",0.228057564717786,0,0.0695575572389249,0.0851718970730279
"59","21-Deoxycortisol","C05497",0.167572138363279,0,0.0511095022008,0.0625826068898263
"60","21-Hydroxypregnenolone","C05485",0.326784374679796,0.375,0.360294234277338,0.441173391590902
"61","25-Hydroxycholesterol","C15519",0,0,0,0
"62","27-Hydroxycholesterol","C06340",0,0,0,0
"63","3-Aminopropionaldehyde","C05665",0.0478153584334158,0,0.0145836843221918,0.0178574422297302
"64","3-Dehydrosphinganine","C02934",0.120818245915656,0.0348837209302326,0.0610937510507867,0.07480812844576
"65","3-Deoxy-D-glycero-D-galacto-2-nonulosonic acid","None",0.0454471295402578,0,0.0138613745097786,0.0169729876939509
"66","3-Hydroxy-2,6-dimethyl-5-methylene-heptanoyl-CoA","C11947",0.351506788525149,0,0.107209570500171,0.131276066416751
"67","3-Hydroxy-3-methylglutaryl-CoA","C00356",0.0750246127653769,0.25,0.19663250689344,0.240772739916856
"68","3-Hydroxyanthranilic acid","C00632",0.193578931146641,0,0.0590415739997255,0.0722952769382202
"69","3-Hydroxybutyryl-CoA","C03561",0.263630091393862,0,0.0804071778751279,0.0984570498125631
"70","3-Mercaptopyruvic acid","C00957",0.250835301715568,0,0.0765047670232481,0.0936786224409507
"71","3-Methoxy-4-hydroxyphenylglycol glucuronide","C03033",0.0133252240414696,0,0.00406419333264823,0.0049765269217863
"72","3-Methoxy-4-hydroxyphenylglycolaldehyde","C05583",0,0,0,0
"73","3-Methyl-2-oxovaleric acid","C03465",0.275922894891735,0,0.0841564829419793,0.103048002081809
"74","3-Methylcrotonyl-CoA","C03069",0.274523470434388,0,0.0837296584824883,0.102525363703248
"75","3-Methylglutaconyl-CoA","C03231",0.191442115332341,0,0.0583898451763641,0.0714972474721739
"76","3-Methylhistidine","C01152",0.271468494495521,0,0.082797890821134,0.101384432041772
"77","3-O-Sulfogalactosylceramide (d18:1/12:0)","C06125",0.0950263976600533,0.0258620689655172,0.0469571892173508,0.0574981791427946
"78","3-O-Sulfogalactosylceramide (d18:1/24:0)","C06125",0.118754406155003,0.0220588235294118,0.0515509762302171,0.0631231833862776
"79","3-Oxodecanoyl-CoA","C05265",0.215562465396748,0,0.0657465519460081,0.0805053940582925
"80","3-Oxohexanoyl-CoA","C05269",0.155736804355391,0,0.0474997253283943,0.0581625042232381
"81","3-Oxooctanoyl-CoA","C05267",0.177984919263304,0,0.0542854003753078,0.0664714333979864
"82","3-Oxotetradecanoyl-CoA","C05261",0.177984919263304,0,0.0542854003753078,0.0664714333979864
"83","3-Phosphoglyceric acid","C00597",0.0416053757841569,0,0.0126896396141678,0.0155382207485989
"84","3-Sulfinoalanine","C00606",0.0467325029009924,0,0.0142534133848027,0.0174530317903455
"85","3,4-Dihydroxymandelaldehyde","C05577",0.12033109734225,0,0.0367009846893864,0.0449396530661074
"86","3,4-Dihydroxyphenylacetaldehyde","C04043",0,0,0,0
"87","3,4-Dihydroxyphenylglycol","C05576",0.206281881158144,0,0.0629159737532338,0.0770394052561841
"88","3a,7a-Dihydroxy-5b-24-oxocholestanoyl-CoA","C05449",0.223326452532845,0,0.0681145680225177,0.0834049844053625
"89","3a,7a-Dihydroxy-5b-cholest-24-enoyl-CoA","C05447",0.237202948361461,0,0.0723468992502455,0.0885873929604643
"90","3a,7a-Dihydroxy-5b-cholestan-26-al","C05445",0.123437746663237,0,0.0376485127322874,0.0460998830130356
"91","3a,7a-Dihydroxy-5b-cholestanate","None",0.0751384203953677,0,0.0229172182205871,0.0280616949324331
"92","3a,7a-Dihydroxy-5b-cholestane","C05452",0.143235844804899,0,0.0436869326654943,0.0534938126081796
"93","3a,7a-Dihydroxy-5b-cholestanoyl-CoA","C04644",0.156816162605583,0,0.0478289295947029,0.0585656085443075
"94","3a,7a-Dihydroxycoprostanic acid","None",0.131613388088612,0,0.0401420833670265,0.0491532125127592
"95","3a,7a,12a-Trihydroxy-5b-24-oxocholestanoyl-CoA","C05467",0.21786024228463,0,0.0664473738968121,0.0813635371189432
"96","3a,7a,12a-Trihydroxy-5b-cholestanoic acid","C04722",0.143578241551213,0,0.0437913636731198,0.0536216863775555
"97","3a,7a,12a-Trihydroxy-5b-cholestanoyl-CoA","C05448",0.251256307592901,0,0.0766331738158349,0.0938358540999654
"98","3a,7a,12a,24-Tetrahydroxy-5b-cholestanoyl-CoA","C05450",0.376976899636332,0,0.114977954389081,0.140788303753341
"99","3a,7b,12a-Trihydroxyoxocholanyl-Glycine","None",0,0,0,0
"100","3Z-dodecenoyl-CoA","C02944",0.111336108603429,0.0142857142857143,0.0438860845526172,0.0537376702809509
"101","4-(2-Amino-3-hydroxyphenyl)-2,4-dioxobutanoic acid","C05645",0,0,0,0
"102","4-(2-Aminophenyl)-2,4-dioxobutanoic acid","C01252",0,0,0,0
"103","4-Aminobutyraldehyde","C00555",0.0876614904612623,0,0.026736754590685,0.0327386440878387
"104","4-Coumaryl alcohol","C02646",0.194937547213409,0,0.0594559519000898,0.0728026747434355
"105","4-Hydroxy-L-proline","C01015",0.133329042858739,0,0.0406653580719154,0.0497939523701499
"106","4-Hydroxyphenylacetaldehyde","C03765",0,0,0,0
"107","4-Hydroxyphenylpyruvic acid","C01179",0,0,0,0
"108","4-Hydroxyproline","C01157",0.0860251923712762,0.125,0.113112683673239,0.138504315474722
"109","4-Nitrophenol","C00870",0.0599289868808063,0.115384615384615,0.0984706486909536,0.120575423978903
"110","4-Phosphopantothenoylcysteine","C04352",0.118900122677512,0,0.0362645374166411,0.0444052317369571
"111","4-Trimethylammoniobutanal","C01149",0.0876614904612623,0,0.026736754590685,0.0327386440878387
"112","4,8 Dimethylnonanoyl carnitine","None",0.0755966958692524,0,0.023056992240122,0.0282328455432059
"113","4a-Carbinolamine tetrahydrobiopterin","C00268",0.0614139529274103,0,0.0187312556428601,0.0229360639014717
"114","4a-Carboxy-4b-methyl-5a-cholesta-8,24-dien-3b-ol","C15808",0.143578241551213,0,0.0437913636731198,0.0536216863775555
"115","4a-Hydroxytetrahydrobiopterin","C15522",0.0767674411592629,0,0.0234140695535752,0.0286700798768396
"116","4a-Methylzymosterol-4-carboxylic acid","C15808",0,0,0,0
"117","5-Androstenediol","C04295",0.198823298200172,0.25,0.234391105951053,0.287007421527513
"118","5-Diphosphoinositol pentakisphosphate","C11526",0.192771574466594,0,0.058795330212311,0.0719937561351751
"119","5-Hydroxy-L-tryptophan","C01017",0.0578314723399781,0,0.0176385990636933,0.0215981268405525
"120","5-Hydroxy-N-formylkynurenine","C05648",0,0,0,0
"121","5-Hydroxyindoleacetic acid","C05635",0.192255987148843,0,0.058638076080397,0.0718012014614726
"122","5-Hydroxykynurenamine","C05638",0.0963857872332968,0,0.0293976651061555,0.0359968780675875
"123","5-Hydroxylysine","C16741",0.0627750038968554,0,0.0191463761885409,0.0234443710616581
"124","5-L-Glutamyl-taurine","C05844",0,0,0,0
"125","5-Methoxytryptamine","C05659",0.268260412780188,0,0.0818194258979574,0.100186320477271
"126","5-Methylcytosine","C02376",0.0832867649581616,0.375,0.286027463312239,0.350235152473935
"127","5-Thymidylic acid","C00364",0.0685240275168624,0,0.020899828392643,0.0255914397135556
"128","5,10-Methenyltetrahydrofolic acid","C00445",0.137580126345452,0.166666666666667,0.157795271868696,0.193217289216276
"129","5,10-Methylene-THF","C00143",0.194910871862435,0.136363636363636,0.15422054319077,0.188840102392787
"130","5,6-Epoxy-8,11,14-eicosatrienoic acid","C14768",0.20580000394361,0,0.0627690012028011,0.0768594401821517
"131","5(S)-Hydroperoxyeicosatetraenoic acid","C05356",0,0,0,0
"132","5a-Pregnane-3,20-dione","C03681",0.429707534414698,0,0.131060797996483,0.160481437824539
"133","6-Phosphogluconic acid","C00345",0.143680676621064,0,0.0438226063694244,0.0536599424610001
"134","6-Phosphonoglucono-D-lactone","C01236",0.0898352968388009,0,0.0273997655358343,0.0335504882960039
"135","7-Dehydrocholesterol","C01164",0.0532804351692696,0,0.0162505327266272,0.0198984661870733
"136","7,8-Dihydroneopterin","C04874",0,0,0,0
"137","7a-Hydroxydehydroepiandrosterone","C18045",0.475327169917628,0.5,0.492474786824877,0.603025947424114
"138","7a,12a-Dihydroxy-5b-cholestan-3-one","C05453",0.143235844804899,0,0.0436869326654943,0.0534938126081796
"139","7a,12a-Dihydroxy-cholestene-3-one","C05457",0,0,0,0
"140","8,11,14-Eicosatrienoic acid","C03242",0.0730502808504986,0,0.0222803356594021,0.0272818444301716
"141","9-cis-Retinal","C16681",0.119857973761613,0,0.0365566819972918,0.0447629571824923
"142","9-cis-Retinoic acid","C15493",0.300206945510232,0,0.0915631183806207,0.112117285367168
"143","Acetoacetic acid","C00164",0.156470636918829,0.15,0.151973544260243,0.186088695223949
"144","Acetoacetyl-CoA","C00332",0.151148990583711,0,0.0461004421280318,0.0564491087354133
"145","Acetyl adenylate","C05993",0,0,0,0
"146","Acetyl-CoA","C00024",0.132584669801542,0.0887573964497041,0.102124714822015,0.125049757994742
"147","Acetylcholine","C01996",0.15220290749708,0,0.0464218867866094,0.0568427115653833
"148","Acetylcysteine","C06809",0,0,0,0
"149","Adenine","C00147",0,0,0,0
"150","Adenosine","C00212",0.0986996250099839,0.0714285714285714,0.0797462427709022,0.0976477474318643
"151","Adenosine 3',5'-diphosphate","C00054",0.119326766807579,0.0384615384615385,0.0631254331070807,0.0772958842246095
"152","Adenosine diphosphate ribose","C00301",0.0131922377735907,0.214285714285714,0.152952203949517,0.187287045275806
"153","Adenosine phosphosulfate","C00224",0,0.25,0.17375,0.212753548339923
"154","Adenosine triphosphate","C00002",0.198987591701391,0.238872403560831,0.226707535943702,0.277599037165026
"155","Adenosylcobalamin","C00194",0.0616869038293099,0,0.0188145056679395,0.023038001963256
"156","ADP","C00008",0.237061164692198,0.256527415143603,0.250590208755925,0.306842912760087
"157","Aflatoxin B1","C06800",0,0,0,0
"158","Aldosterone","C01780",0.174816632645552,0.214285714285714,0.202247644385465,0.247648368267043
"159","All-trans-retinoic acid","C00777",0.141169749255055,0.0254237288135593,0.0607262650482157,0.0743581488715888
"160","Alpha-D-Glucose","C00267",0.0999355553033557,0,0.0304803443675235,0.0373225980938902
"161","Alpha-D-Glucose 1,6-bisphosphate","C01231",0,0,0,0
"162","Alpha-ketoisovaleric acid","C00141",0.201309152532121,0,0.0613992915222968,0.0751822569031713
"163","Alpha-Lactose","C00243",0.105189809861802,0,0.0320828920078495,0.0392848869966996
"164","Aminoacetone","C01888",0,0,0,0
"165","Aminoadipic acid","C00956",0.256453237286425,0,0.0782182373723597,0.0957767340769147
"166","Ammonia","C00014",0.0583265601337545,0.0542168674698795,0.0554703237323614,0.0679223493618656
"167","Amylose","C00718",0.0547845865285178,0,0.0167092988911979,0.0204602165719408
"168","Anandamide","C11695",0.193372557244636,0,0.0589786299596138,0.0722182031662455
"169","Androstanedione","C00674",0.358089612012248,0,0.109217331663736,0.133734531520449
"170","Androstenedione","C00280",0.196081490750531,0.0357142857142857,0.0846262832503405,0.103623263564486
"171","Androsterone","C00523",0.122019348502231,0,0.0372159012931805,0.0455701585887338
"172","Angiotensin II","C02135",0.241661987902692,0,0.0737069063103211,0.0902526955664984
"173","Aniline","C00292",0,0,0,0
"174","Arachidonic acid","C00219",0.141986568896743,0.0137614678899083,0.0528701236969929,0.064738454202624
"175","Argininosuccinic acid","C03406",0.117179187328938,0.3,0.244239652135326,0.299066777767477
"176","Aripiprazole","C12564",0.221842506061869,0.0517241379310345,0.103610240210939,0.126868755391247
"177","Aspirin","C01405",0.189898255263672,0.333333333333333,0.289585634522087,0.354592064994775
"178","Asymmetric dimethylarginine","C03626",0.0785840826283458,0,0.0239681452016455,0.0293485348994336
"179","Atorvastatin","C06834",0.342015284805372,0.0882352941176471,0.165638191277403,0.202820793869781
"180","Azelaic acid","C08261",0,0,0,0
"181","Beta-Alanine","C00099",0.0645868691386986,0.0882352941176471,0.0810225244990678,0.0992105299720003
"182","Beta-Aminopropionitrile","C05670",0,0,0,0
"183","Beta-D-Fructose 2-phosphate","C03267",0,0,0,0
"184","Beta-D-Fructose 6-phosphate","C05345",0.116257842286754,0.075,0.0875836418974601,0.10724449260557
"185","Beta-D-Galactose","C00962",0.246968745311032,0,0.0753254673198647,0.0922345925333189
"186","Beta-D-Glucose","C00221",0.0845436779924823,0,0.0257858217877071,0.0315742450773847
"187","Beta-D-Glucose 6-phosphate","C01172",0.101194235813245,0,0.0308642419230398,0.0377926733004233
"188","Betaine","C00719",0.170930460118162,0,0.0521337903360393,0.0638368281001553
"189","Betaine aldehyde","C00576",0.167028424010559,0,0.0509436693232205,0.0623795477063071
"190","Bilirubin","C00486",0.0241772645469576,0,0.00737406568682206,0.009029402247845
"191","Bilirubin diglucuronide","C05787",0.0125413873331479,0,0.0038251231366101,0.00468379004403416
"192","Biliverdin","C00500",0.230288827092212,0,0.0702380922631247,0.0860051991804703
"193","Bradykinin","C00306",0.134806882405423,0,0.0411160991336541,0.0503458761702501
"194","Butyric acid","C00246",0.177400018678713,0.1,0.123607005697007,0.151354411865965
"195","Butyryl-CoA","C00136",0.114983779197631,0.0141509433962264,0.0449049583156548,0.0549852616961837
"196","Cadaverine","C01672",0.153195953218485,0,0.0467247657316379,0.0572135810345762
"197","Calcidiol","C01561",0.289432621166118,0,0.0882769494556659,0.108093434436357
"198","Calcitriol","C01673",0.289432621166118,0,0.0882769494556659,0.108093434436357
"199","Capric acid","C01571",0.0566975219019393,0,0.0172927441800915,0.0211746341574044
"200","Caproic acid","C01585",0.099579694549378,0,0.0303718068375603,0.0371896959665364
"201","Caprylic acid","C06423",0.0453580175215514,0.3,0.222334195344073,0.272243965333832
"202","Carbamoyl phosphate","C00169",0.398926657824359,1,0.816672630636429,1
"203","Carbon monoxide","C00237",0.294814034211056,0.25,0.263668280434372,0.322856761134381
"204","Carbonic acid","C01353",0.228233353125025,0.204545454545455,0.211770263612224,0.259308633187807
"205","Carnosine","C00386",0.0456264081577736,0,0.013916054488121,0.0170399422805148
"206","CDP","C00112",0.150283686444351,0.0483870967741935,0.0794655566235917,0.0973040526185683
"207","CDP-DG(16:0/16:0)","None",0,0,0,0
"208","CDP-Ethanolamine","C00570",0.118933619208181,0,0.0362747538584952,0.0444177415744011
"209","CE(18:2(9Z,12Z))","C15441",0,0,0,0
"210","Celecoxib","C07589",0.254530298531517,0.375,0.338256741052113,0.41418890307186
"211","Cer(d18:1/23:0)","None",0.0930402998981623,0.0241935483870968,0.0451918075979718,0.0553365031502941
"212","Ceramide (d18:1/12:0)","C00195",0.0965325630647154,0.0227272727272727,0.0452378862801927,0.05539292561444
"213","Ceramide (d18:1/16:0)","C00195",0.094870241827732,0.0205479452054795,0.0432162456752665,0.0529174654005342
"214","Ceramide (d18:1/20:0)","C00195",0.0971347945196855,0.0220588235294118,0.0449569946814452,0.055048979229793
"215","Chenodeoxycholic acid","C02528",0.253706984209395,0,0.0773806301838653,0.0947511001116359
"216","Chenodeoxyglycocholic acid","C05462",0.157936065706334,0,0.0481705000404318,0.058983855015311
"217","Chenodeoxyglycocholoyl-CoA","None",0.0976058604894144,0,0.0297697874492714,0.0364525347519874
"218","Chitin","C00461",0.174952353297413,0,0.0533604677557108,0.0653388711142766
"219","Chitobiose","C01674",0,0,0,0
"220","Chloroacetic acid","C06755",0.0894877715125386,0,0.0272937703113243,0.033420699173002
"221","Cholesterol","C00187",0.0895321345081117,0.0789473684210526,0.0821757220776057,0.100622598327516
"222","Cholesteryl acetate","C02530",0,0,0,0
"223","Cholic acid","C00695",0.0943962647193697,0.05,0.0635408607394078,0.0778045674065147
"224","Choloyl-CoA","C01794",0.0488029302447072,0,0.0148848937246357,0.0182262673759937
"225","Chondroitin","C00401",0.0345262521432705,0,0.0105305069036975,0.012894404083912
"226","Chondroitin 4-sulfate","C00634",0,0,0,0
"227","Chondroitin sulfate","C00607",0,0,0,0
"228","cis,cis-3,6-Dodecadienoyl-CoA","C05280",0.191971692414865,0,0.0585513661865338,0.0716950268566059
"229","Citicoline","C00307",0.154790510261651,0.214285714285714,0.196139677058375,0.24016927921966
"230","Citric acid","C00158",0.198963262236933,0,0.0606837949822646,0.0743061450889741
"231","Citrulline","C00327",0.109539177617656,0,0.0334094491733851,0.0409092308473093
"232","Clopidogrel","None",0.419479830050441,0,0.127941348165385,0.15666173123211
"233","Cob(I)alamin","C00853",0.0365732631399071,0,0.0111548452576717,0.0136588944446182
"234","Cob(II)alamin","C00541",0.109203055717588,0.5,0.380806931993864,0.466290797203652
"235","Coenzyme A","C00010",0.0945436065773948,0.0983606557377049,0.0971964557438103,0.119015199111137
"236","Coenzyme Q10","C11378",0.0261286772620383,0,0.00796924656492167,0.00975818983759903
"237","Cortexolone","C05488",0.240527117688201,0.25,0.247110770894901,0.302582407717434
"238","Corticosterone","C02140",0.300611821641275,0.166666666666667,0.207519938933922,0.254104191996985
"239","Cortisol","C00735",0.444220554626144,0.5,0.482987269160974,0.591408663695003
"240","Cortisone","C00762",0.971025504260297,0.375,0.556787778799391,0.681775974744603
"241","Creatine","C00300",0.185934007030418,0.15,0.160959872144278,0.197092281663513
"242","Crotonoyl-CoA","C00877",0.122079710030691,0.0148514851485149,0.0475560937375787,0.058231526261041
"243","Cyclic AMP","C00575",0.135387380802877,0.193251533742331,0.175602967095798,0.215022471071366
"244","Cyclic GMP","C00942",0.179516798942611,0.266666666666667,0.24008595701083,0.293980657615196
"245","Cysteamine","C01678",0.0667286219307439,0,0.0203522296888769,0.0249209155852529
"246","Cysteic acid","C00506",0.0584156286262405,0,0.0178167667310033,0.0218162897379318
"247","Cysteinylglycine","C01419",0.0239220154456993,0,0.00729621471093829,0.00893407521842918
"248","Cytidine","C00475",0.0909970611875853,0.142857142857143,0.127039817947928,0.155557824741753
"249","Cytidine monophosphate","C00055",0.0184857523346122,0,0.00563815446205673,0.00690381218930153
"250","Cytidine monophosphate N-acetylneuraminic acid","C00128",0,0,0,0
"251","Cytidine triphosphate","C00063",0.0963632723483751,0.119047619047619,0.11212889330435,0.137299683003908
"252","D-4'-Phosphopantothenate","C03492",0.118900122677512,0,0.0362645374166411,0.0444052317369571
"253","D-Erythrose 4-phosphate","C00279",0.0635510685054704,0.214285714285714,0.16831164732274,0.206094389610651
"254","D-Fructose","C02336",0.0493928248131554,0,0.0150648115680124,0.0184465733304573
"255","D-Fructose 2,6-bisphosphate","C00665",0.14238132560716,0,0.0434263043101839,0.0531746781771565
"256","D-Galactose","C00984",0.145106982659558,0,0.0442576297111652,0.0541926202138983
"257","D-Glucose","C00031",0.0970109284937728,0,0.0295883331906007,0.0362303474864128
"258","D-Glucurono-6,3-lactone","C02670",0.0657461178459467,0,0.0200525659430137,0.024553983065879
"259","D-Glyceraldehyde 3-phosphate","C00661",0.204661532529941,0.115384615384615,0.14261407511394,0.17462820445299
"260","D-Lactic acid","C00256",0.0693977668079737,0,0.021166318876432,0.025917752208663
"261","D-Mannose","C00159",0.146472132307525,0.18,0.169774000353795,0.207885012898609
"262","D-Mannose 1-phosphate","C00636",0.132438486274759,0,0.0403937383138015,0.0494613591768378
"263","D-Pantothenoyl-L-cysteine","C04079",0.158533496903349,0,0.0483527165555214,0.0592069756492762
"264","D-Ribose 5-phosphate","C00117",0.0689481106280116,0.1875,0.151341673741544,0.185314981871749
"265","D-Ribulose 5-phosphate","C00117",0.0919260589702516,0.1,0.0975374479859267,0.119432737582887
"266","D-Sedoheptulose 7-phosphate","C00281",0,0,0,0
"267","D-Serine","C00740",0,0,0,0
"268","D-Xylose","C00181",0.087845274440473,0,0.0267928087043443,0.0328072812767887
"269","dADP","C00206",0.25881172726879,0,0.0789375768169811,0.0966575514542043
"270","Danazol","C06938",0.0933079217586201,0.25,0.202208916136379,0.247600946267538
"271","dCDP","C00705",0.108876788673589,0,0.0332074205454445,0.0406618506604857
"272","dCMP","C00239",0.0302255081916262,0,0.00921877999844598,0.0112882196030762
"273","dCTP","C00458",0.079399797482847,0,0.0242169382322683,0.0296531772019789
"274","Dehydroascorbic acid","C00425",0.0562380606223449,0.375,0.277777608489815,0.340133363197619
"275","Dehydroepiandrosterone","C01227",0.175162772654344,0.166666666666667,0.169257978992908,0.207253154622074
"276","Deoxyadenosine","C00559",0.0403006775888349,0,0.0122917066645946,0.0150509594707683
"277","Deoxyadenosine monophosphate","C00360",0.259197592478373,0,0.0790552657059038,0.0968016592453899
"278","Deoxyadenosine triphosphate","C00131",0.149664219401995,0.0428571428571429,0.0754333012033228,0.0923666330589994
"279","Deoxycholic acid","C04483",0.272171072797649,0,0.0830121772032828,0.101646821613933
"280","Deoxycytidine","C00881",0.0302255081916262,0,0.00921877999844598,0.0112882196030762
"281","Deoxyguanosine","C00330",0.123811828982305,0,0.037762607839603,0.0462395902874507
"282","Deoxyribose 1-phosphate","C00672",0,0,0,0
"283","Deoxyuridine","C00526",0,0,0,0
"284","Deoxyuridine triphosphate","C00460",0.250561367119177,0,0.076421216971349,0.0935763170020701
"285","Dephospho-CoA","C00882",0.100032817020503,0,0.0305100091912533,0.0373589221025774
"286","Dermatan","C00426",0.0932624220364293,0,0.0284450387211109,0.0348304052983187
"287","Dextrin","C00721",0.0543231051334432,0,0.0165685470657002,0.0202878686564877
"288","DG(14:0/0:0/14:0)","None",0.103943272151274,0.224299065420561,0.187590548473428,0.229701034951104
"289","DG(14:0/14:0/0:0)","C16667",0.106799562134115,0.228813559322034,0.191599290179719,0.234609662418105
"290","DG(16:0/16:0/0:0)","C00165",0.105862723869781,0.226890756302521,0.189977206410535,0.232623451899554
"291","DG(22:6(4Z,7Z,10Z,13Z,16Z,19Z)/22:6(4Z,7Z,10Z,13Z,16Z,19Z)/0:0)","None",0.105298209057423,0.229838709677419,0.19185385698832,0.23492137460124
"292","dGDP","C00361",0.253458025890688,0,0.0773046978966599,0.094658122479771
"293","dGTP","C00286",0.154600791982669,0,0.047153241554714,0.0577382414762299
"294","dIDP","C01344",0.184568528744611,0,0.0562934012671063,0.0689301920443166
"295","Diethylthiophosphate","C06607",0,0,0,0
"296","Dihydrobiopterin","C02953",0.0441360940715586,0,0.0134615086918254,0.0164833596557961
"297","Dihydroceramide","C12126",0.087773867828455,0.0230769230769231,0.0428094912261403,0.0524194023653996
"298","Dihydrofolic acid","C00415",0.39521943817791,0,0.120541928644262,0.147601283699595
"299","Dihydrolipoamide","C00579",0.0908942590805156,0,0.0277227490195573,0.0339459753879018
"300","Dihydroneopterin triphosphate","C04895",0,0,0,0
"301","Dihydroxyacetone","C00184",0,0,0,0
"302","Dihydroxyacetone phosphate","C00111",0.10403636530441,0.115384615384615,0.111923399110153,0.137048059297556
"303","Dimethylallylpyrophosphate","C00235",0.506100079350456,0,0.154360524201889,0.189011506460791
"304","Dimethylamine","C00543",0,0,0,0
"305","Dimethylglycine","C01026",0.227907280157549,0,0.0695117204480524,0.085115770800207
"306","DL-Dopa","C00355",0.0963857872332968,0,0.0293976651061555,0.0359968780675875
"307","Docosahexaenoic acid","C06429",0.0913128510631232,0,0.0278504195742526,0.0341023055377145
"308","Docosanoyl-CoA","None",0,0,0,0
"309","Dodecanoic acid","C02679",0.172247537071975,0.136363636363636,0.14730822607968,0.180376102435174
"310","Dolichol phosphate","C00110",0,0,0,0
"311","Dolichol-20","C00381",0.045417386654433,0,0.0138523029296021,0.0169618797177114
"312","Dolichyl b-D-glucosyl phosphate","C01246",0,0,0,0
"313","Dolichyl diphosphate","C00621",0,0,0,0
"314","Dolichyl phosphate D-mannose","C03862",0,0,0,0
"315","Donepezil","None",0.31715203461434,0,0.0967313705573738,0.11844571120498
"316","Dopamine","C03758",0.114712549037562,0.173076923076923,0.155275788994918,0.190132230675972
"317","dTDP","C00363",0.0999288519869251,0,0.0304782998560122,0.0373200946286893
"318","dUDP","C01346",0.0922842643723054,0,0.0281467006335532,0.0344650960221583
"319","dUMP","C00365",0.284942171935098,0,0.0869073624402049,0.106416401358373
"320","Ecgonine methyl ester","C12448",0.120691768361693,0,0.0368109893503165,0.0450743516672401
"321","Eicosanoyl-CoA","C02041",0.107321985193909,0.0144230769230769,0.0427572439456807,0.052355426570816
"322","Epinephrine","C00788",0.155318364074197,0,0.0473721010426299,0.0580062307288455
"323","Escitalopram","None",0.351593053264814,0.5,0.454735881245768,0.55681538010083
"324","Ethanolamine","C00189",0.121335468908673,0,0.0370073180171453,0.0453147523608152
"325","Ethyl carbamate","C01537",0.0691557217817376,0,0.02109249514343,0.0258273564610494
"326","Etiocholanolone","C04373",0.0226161860218262,0,0.00689793673665699,0.00844639146444942
"327","FAD","C00016",0.0784602891204229,0.0283018867924528,0.0436001995024837,0.0533876095106876
"328","FADH","C01352",0.12494401306508,0,0.0381079239848494,0.0466624232957973
"329","Farnesyl pyrophosphate","C00448",0.329553660305283,0,0.100513866393111,0.123077304935249
"330","Fe3+","C14819",0.18423106167377,0,0.0561904738104998,0.0688041593443762
"331","Flavin Mononucleotide","C00061",0.182958277674194,0.140625,0.153536649690629,0.188002687895857
"332","Formyl-CoA","C00798",0.118917662218879,0,0.0362698869767581,0.0444117821708965
"333","Fructosamine","None",0.37540928922881,0,0.114499833214787,0.140202853529642
"334","Fructose 1-phosphate","C01094",0.0953266027582056,0.375,0.289699613841253,0.354731630488818
"335","Fructose 1,6-bisphosphate","C00354",0.143365274459525,0.3,0.252226408710155,0.308846408276957
"336","Fructose 6-phosphate","C00085",0.12408689963315,0.0882352941176471,0.0991700337998754,0.121431807654179
"337","Fumaric acid","C00122",0.189542806432896,0.125,0.144685555962033,0.177164693090401
"338","Galabiosylceramide (d18:1/9Z-18:1)","C06126",0.100539619339103,0.0263157894736842,0.0489540575826371,0.0599433062235567
"339","Galactaric acid","C00879",0,0,0,0
"340","Galactosylceramide (d18:1/16:0)","C02686",0.104441216567422,0.0227272727272727,0.0476500255985182,0.0583465440263191
"341","Galactosylglycerol","C05401",0.136692162343489,0,0.0416911095147642,0.0510499653726298
"342","Galactosylsphingosine","C01747",0.115284974210893,0.0348837209302326,0.0594061031808339,0.0727416359411224
"343","Gamma-Aminobutyric acid","C00334",0.17682161956324,0.202702702702703,0.194808972345167,0.238539856776335
"344","Gamma-Glutamylcysteine","C00669",0,0,0,0
"345","Ganglioside GA1 (d18:1/12:0)","C06136",0.0240089143082421,0,0.00732271886401383,0.00896652904641517
"346","Ganglioside GA2 (d18:1/12:0)","C06135",0.0358794374362634,0,0.0109432284180603,0.013399773676182
"347","Ganglioside GD2 (d18:1/12:0)","None",0.118777860054039,0.0394736842105263,0.0636614578427978,0.0779522362506341
"348","Ganglioside GD3 (d18:1/12:0)","C06133",0.110859336050437,0.0375,0.0598745974953832,0.0733152982593811
"349","Ganglioside GD3 (d18:1/24:1(15Z))","C06133",0.114682071776314,0.0384615384615385,0.0617088011225449,0.0755612454827285
"350","Ganglioside GM1 (18:1/12:0)","C04911",0.0944762680993778,0.0612244897959184,0.0713662821784735,0.0873866461312142
"351","Ganglioside GM2 (d18:1/12:0)","C04884",0.0921143613968933,0.06,0.0697948802260525,0.0854624945269215
"352","Ganglioside GM3 (d18:1/12:0)","C04730",0.103215648941457,0.0333333333333333,0.0546474395938112,0.0669147434893522
"353","Ganglioside GM3 (d18:1/25:0)","C04730",0.0976364246743515,0.0319148936170213,0.051959960589507,0.0636239769037134
"354","GDP-L-fucose","C00325",0,0,0,0
"355","Geranyl-PP","C00341",0.63968877598652,0,0.195105076675888,0.238902430860018
"356","Geranylgeranyl-PP","C00353",0.415799690727837,0,0.12681890567199,0.155287321889508
"357","Glucaric acid","C00818",0.0478153584334158,0,0.0145836843221918,0.0178574422297302
"358","Gluconolactone","C00198",0.218087375407769,0,0.0665166494993695,0.081448363767907
"359","Glucosamine 6-phosphate","C00352",0.0948470672358983,0,0.028928355506949,0.0354222174488758
"360","Glucose 1-phosphate","C00103",0.068288681639011,0,0.0208280478998984,0.0255035458745166
"361","Glucose 6-phosphate","C00092",0.0858120513484076,0,0.0261726756612643,0.0320479402387564
"362","Glucosylceramide","C01190",0.0945264051658071,0.0258620689655172,0.0468046915066056,0.0573114486157458
"363","Glucosylceramide (d18:1/12:0)","C01190",0.11364648562773,0.0508474576271186,0.0700011611673051,0.08571508158998
"364","Glucosylceramide (d18:1/16:0)","C01190",0.111278850510486,0.0491803278688525,0.0681203772745506,0.0834120977232514
"365","Glucosylceramide (d18:1/20:0)","C01190",0.11731448673,0.0491803278688525,0.0699612463215026,0.0856662066255142
"366","Glucosylceramide (d18:1/24:0)","None",0.114551262643013,0.0517241379310345,0.0708864109681879,0.0867990530219513
"367","Glucosylsphingosine","C03108",0.119490899086254,0.0375,0.0625072242213076,0.0765388992803591
"368","Glutaric acid","C00489",0.0844255070656614,0.5,0.373249779655027,0.457037208855836
"369","Glutaryl-CoA","C00527",0.109155821215122,0.3,0.241792525470612,0.296070318019822
"370","Glyceraldehyde","C02154",0.14779707552996,0.125,0.131953108036638,0.161574054384322
"371","Glyceric acid","C00258",0.0657461178459467,0,0.0200525659430137,0.024553983065879
"372","Glyceric acid 1,3-biphosphate","C00236",0.166850909902598,0,0.0508895275202924,0.0623132521052339
"373","Glycerol","C00116",0.212215747983457,0.146341463414634,0.166433120208125,0.203794169125546
"374","Glycerol 3-phosphate","C00093",0.0272736360023477,0.1,0.077818458980716,0.0952872130906021
"375","Glycerophosphocholine","C00670",0.15037435928055,0,0.0458641795805676,0.056159809769584
"376","Glycerylphosphorylethanolamine","C01233",0.325811111774524,0,0.0993723890912299,0.121679587834099
"377","Glycine","C00037",0.0787534908284853,0.115384615384615,0.104212122394996,0.12760574860184
"378","Glycocholic acid","C01921",0,0,0,0
"379","Glycolic acid","C00160",0.196581083666044,0.214285714285714,0.208885801946715,0.255776665105002
"380","Glyoxylic acid","C00048",0.0861233547114558,0.3,0.234767623186994,0.287468459674032
"381","Guanidine","C17349",0.13694491151584,0,0.0417681980123313,0.0511443587619454
"382","Guanine","C00242",0.15666051921352,0,0.0477814583601235,0.0585074809264608
"383","Guanosine","C00387",0.0483608131066019,0,0.0147500479975136,0.018061151364922
"384","Guanosine diphosphate","C00035",0.113994554828338,0.133333333333333,0.12743500588931,0.15604172480961
"385","Guanosine diphosphate mannose","C00096",0.184111341599153,0,0.0561539591877417,0.0687594478879269
"386","Guanosine monophosphate","C00144",0.143728177376241,0.123711340206186,0.129816475543052,0.158957788804416
"387","Guanosine triphosphate","C00044",0.123677033328766,0.1875,0.168033995165274,0.20575440985983
"388","Heme","C00032",0.146234407142522,0.0632530120481928,0.088562337551963,0.108442886696162
"389","Heparan sulfate","C00925",0.0503307993552891,0,0.0153508938033632,0.0187968755502438
"390","Heparin","C00374",0.148038626311366,0.140625,0.142886156024967,0.174961362319215
"391","Heptadecanoyl CoA","None",0.109045605056601,0.00949367088607595,0.0398570108080861,0.0488041466224057
"392","Heptanoic acid","C17714",0.0961258572357528,0,0.0293183864569046,0.0358998028794683
"393","Heptanoyl-CoA","None",0.115702306795423,0.0137614678899083,0.0448534237560902,0.0549221586146901
"394","Histamine","C00388",0.172995628336542,0,0.0527636666426454,0.0646080995778282
"395","Homovanillic acid","C05582",0,0,0,0
"396","Hyaluronan","None",0.0232505732011586,0.115384615384615,0.0872837325186611,0.106877259313369
"397","Hyaluronic acid","C00518",0.0725302560563992,0.06,0.0638217280972018,0.0781484841085782
"398","Hydrochloric acid","C01327",0.236430785929564,0,0.0721113897085171,0.0882990160357413
"399","Hydrogen carbonate","C00288",0.051061466215284,0.075,0.0676987471956616,0.0828958197642846
"400","Hydrogen peroxide","C00027",0.0991920130940239,0.115384615384615,0.110445871685985,0.135238855255765
"401","Hydrogen phosphate","C01293",0.253276521196984,0,0.0772493389650802,0.0945903365279673
"402","Hydrogen selenide","C01528",0.0712868688320223,0,0.0217424949937668,0.0266232688327304
"403","Hydrogen sulfide","C00283",0.187564722083815,0,0.0572072402355637,0.0700491703646079
"404","Hydroxycobalamin","C08230",0.032753388989739,0,0.0099897836418704,0.0122322988026247
"405","Hydroxykynurenine","C02794",0.114948975885635,0,0.0350594376451188,0.0429296101398637
"406","Hydroxyphenylacetylglycine","C05596",0,0,0,0
"407","Hyodeoxycholic acid","None",0.18552961115682,0,0.0565865314028302,0.0692891242831691
"408","Hyperforin","C07608",0.0639610753990541,0,0.0195081279967115,0.0238873292245742
"409","Hypotaurine","C00519",0.0778875048349873,0,0.0237556889746711,0.0290883863172425
"410","Hypothiocyanite","None",0.240953417201881,0,0.0734907922465736,0.0899880680332124
"411","IDP","C00104",0.138956433696794,0.0483870967741935,0.0760107445355866,0.0930737013634848
"412","Iduronic acid","C06472",0.0507293617017351,0,0.0154724553190292,0.0189457252987303
"413","Indoleacetaldehyde","C00637",0.0657461178459467,0,0.0200525659430137,0.024553983065879
"414","Inosine triphosphate","C00081",0.179220365343462,0.0535714285714286,0.0918943542868988,0.112522877392482
"415","Inosinic acid","C00130",0.0859800337264246,0,0.0262239102865595,0.0321106760564797
"416","Inositol 1,3,4-trisphosphate","C01243",0.11774780554557,0,0.035913080691399,0.0439748797059748
"417","Inositol 1,3,4,5-tetraphosphate","C01272",0.0448285441291191,0.166666666666667,0.129506039292715,0.158577665559566
"418","Inositol 1,3,4,5,6-pentakisphosphate","C01284",0,0,0,0
"419","Inositol 1,4,5-trisphosphate","C01245",0.0802282660980896,0.3,0.232969621159917,0.285266840616864
"420","Inositol phosphate","C01177",0.137442632528931,0.214285714285714,0.190848574349895,0.233690425257876
"421","Iodide","C00708",0.120065340498224,0,0.0366199288519584,0.0448404017450918
"422","Isobutanol","C14710",0.109430820081885,0,0.033376400124975,0.0408687629202964
"423","Isocitric acid","C00311",0.295124725452999,0,0.0900130412631645,0.110219245615
"424","Isopentenyl pyrophosphate","C00129",0.411194125284678,0,0.125414208211827,0.153567296744219
"425","Isopropyl alcohol","C01845",0.0971606225644021,0,0.0296339898821426,0.0362862532310517
"426","Keratan","C00573",0.258085457749258,0,0.0787160646135238,0.0963863140021978
"427","Ketoleucine","C00233",0.344903618614669,0,0.105195603677474,0.128810002602261
"428","L-2-Aminoadipate adenylate","C05560",0.427422062144042,0,0.130363728953933,0.159627890128191
"429","L-3-Hydroxykynurenine","C03227",0.0571175035456573,0,0.0174208385814255,0.0213314832993111
"430","L-Alanine","C00041",0.0214223697508794,0.142857142857143,0.105819537059732,0.129573997082855
"431","L-Asparagine","C00152",0,0,0,0
"432","L-Aspartic acid","C00049",0.0997772159692761,0.0967741935483871,0.0976901153867583,0.119619675892198
"433","L-Carnitine","C15025",0.0591625445934243,0.09375,0.0832008261009944,0.101877818577263
"434","L-Cystine","C00491",0.0337702028262646,0,0.0102999118620107,0.0126120448703956
"435","L-Dopa","C00355",0.171354918639599,0,0.0522632501850778,0.0639953492066329
"436","L-Fucose","C01019",0.056512839420174,0,0.0172364160231531,0.0211056614077061
"437","L-Glutamic acid","C00025",0.0932073192349721,0.148351648351648,0.131532627971062,0.161059184594639
"438","L-Glutamine","C00064",0.0426796256724652,0.0967741935483871,0.0802753503462309,0.098295629527431
"439","L-Kynurenine","C00328",0.0356984397160358,0,0.0108880241133909,0.0133321770620695
"440","L-Lactic acid","C00186",0.418058836192612,0,0.127507945038747,0.156131037401585
"441","L-Malic acid","C00149",0.170696444637318,0,0.0520624156143819,0.0637494311200437
"442","L-Palmitoylcarnitine","C02990",0.0756803693232034,0.3,0.231582512643577,0.283568352796525
"443","L-Serine","C00065",0.121107272695336,0,0.0369377181720775,0.0452295286831054
"444","L-Tyrosine","C00082",0.123831665625341,0.0882352941176471,0.0990921874274937,0.121336486261664
"445","Lactosamine","C00203",0.125106434232975,0.06,0.0798574624410575,0.0977839337885303
"446","Lactosylceramide (d18:1/12:0)","C01290",0.0971558581084769,0.0223880597014925,0.0451922382156228,0.0553370304333631
"447","Lactosylceramide (d18:1/18:0)","C01290",0.0872691407082122,0.0241935483870968,0.043431604045037,0.0531811676010141
"448","Lathosterol","C01189",0,0,0,0
"449","Leukotriene B4","C02165",0.151649343624504,0,0.0462530498054738,0.056635973914577
"450","Leukotriene C4","C02166",0,0,0,0
"451","Leukotriene D4","C05951",0,0,0,0
"452","Linoleoyl-CoA","C02050",0.0730502808504986,0,0.0222803356594021,0.0272818444301716
"453","Liothyronine","C02465",0.0175003825010651,0,0.00533761666282486,0.00653580940831245
"454","Lipoamide","C00248",0.215228768967174,0.3,0.274144774534988,0.335685027575062
"455","Lithium","C15473",0.0579764133734116,0,0.0176828060788905,0.0216522574842632
"456","Lithocholic acid","C03990",0.362805870780011,0,0.110655790587903,0.135495896932005
"457","Lithocholic acid glycine conjugate","C15557",0,0,0,0
"458","Loperamide","C07080",0.390706743221683,0.272727272727273,0.308711011228068,0.3780107225921
"459","Loratadine","C06818",0.20861719724387,0,0.0636282451593802,0.0779115679556875
"460","LPA(0:0/16:0)","C00416",0.0913981129229742,0.146341463414634,0.129583741514678,0.158672810442654
"461","LPA(18:0e/0:0)","None",0.124497589732112,0.103448275862069,0.109868316592432,0.134531650101721
"462","LysoPC(10:0)","None",0.201343945478639,0,0.0614099033709848,0.0751952509087127
"463","LysoPC(14:0)","C04230",0.131981590067528,0,0.0402543849705959,0.0492907236761759
"464","LysoPC(18:1(9Z))","C04230",0.140509426537605,0,0.0428553750939695,0.0524755862830526
"465","LysoPC(O-18:0)","C04317",0.195958602836212,0.0681818181818182,0.107153737501408,0.131207699978759
"466","LysoPC(P-18:0)","C04230",0.316397628609289,0,0.0965012767258332,0.118163965713691
"467","LysoSM(d18:1)","C03640",0.0328121828879308,0,0.0100077157808189,0.0122542563634341
"468","Malonyl-CoA","C00083",0.03061177290117,0.214285714285714,0.158265162163428,0.193792660885541
"469","Mannose 6-phosphate","C00275",0.0836425840644172,0.1875,0.155823488139647,0.19080287779231
"470","Melatonin","C01598",0.208409290511704,0.0833333333333333,0.121481500272736,0.148751771169393
"471","Menadione","C05377",0.282554097809147,0.0652173913043478,0.131505086788312,0.161025460943671
"472","Methacrylyl-CoA","C03460",0.285042231995643,0,0.0869378807586712,0.106453770455024
"473","Methylamine","C00218",0,0,0,0
"474","Methylarsonate","C07294",0.12337380765862,0,0.0376290113358791,0.0460760039265121
"475","Methylmalonic acid","C02170",0.104776586873255,0,0.0319568589963428,0.0391305619871686
"476","Methylmalonyl-CoA","C00683",0.0939284792510852,0,0.028648186171581,0.0350791554619084
"477","Molybdopterin","C05924",0.177271672475948,0,0.054067860105164,0.0662050595022747
"478","Myo-inositol 1-phosphate","C04006",0.0859415068829395,0,0.0262121595992966,0.0320962875649078
"479","Myo-inositol hexakisphosphate","C01204",0.128514382977729,0,0.0391968868082073,0.0479958374234501
"480","Myoinositol","C00137",0.20381135626424,0,0.0621624636605932,0.0761167465746345
"481","Myristic acid","C06424",0.118920464433485,0,0.036270741652213,0.0444128287046272
"482","N-(o)-Hydroxyarginine","C05933",0.155727137017248,0,0.0474967767902605,0.0581588937947468
"483","N-Acetyl-b-D-galactosamine","C05021",0.235949015380014,0,0.0719644496909044,0.0881190907975241
"484","N-Acetyl-D-Glucosamine 6-Phosphate","C00357",0,0,0,0
"485","N-Acetyl-D-mannosamine 6-phosphate","C04257",0.0961187905927613,0.214285714285714,0.178244802559364,0.218257348015273
"486","N-Acetyl-L-alanine","None",0.138795533615947,0.3,0.250832637752864,0.307139762425234
"487","N-Acetyl-L-aspartic acid","C01042",0.0656554085222078,0,0.0200248995992734,0.0245201061576755
"488","N-Acetyl-L-methionine","C02712",0.132945913425237,0,0.0405485035946973,0.0496508663001208
"489","N-Acetylgalactosamine","C01074",0.0505078361047843,0.125,0.102279890011959,0.125239767043807
"490","N-Acetylgalactosamine 4-sulphate","C16265",0,0.3,0.2085,0.255304258007908
"491","N-Acetyllactosamine","C00611",0.0581220827537468,0,0.0177272352398928,0.0217066601412588
"492","N-Acetylmannosamine","C00645",0.0823875347937954,0.166666666666667,0.140961531445441,0.172604696370919
"493","N-Acetylneuraminic acid","C19910",0.0959422638882751,0.15,0.133512390485924,0.163483365889069
"494","N-Acetylputrescine","C02714",0.608752340420822,0,0.185669463828351,0.227348703584763
"495","N-Acetylserine","None",0.0632037949070798,0,0.0192771574466594,0.0236045102082541
"496","N-Glycoloylganglioside GM1","C01808",0.103930627547284,0.0714285714285714,0.0813416985447789,0.099601352479989
"497","N-Glycoloylganglioside GM2","C01808",0.100781214591306,0.0697674418604651,0.0792266425433716,0.0970115069016463
"498","N-Methyltyramine","C02442",0.375564577892263,0,0.11454719625714,0.14026084866818
"499","N-Palmitoylsphingosine","None",0.0915222521631998,0.025,0.0452892869097759,0.0554558647012355
"500","N,N-Dimethylaniline","C02846",0,0,0,0
"501","N'-Formylkynurenine","C02406",0,0,0,0
"502","N1-Acetylspermidine","C00612",0.811669787227762,0,0.247559285104467,0.303131604779685
"503","N1-Acetylspermine","C02567",0.197493777941688,0.0517241379310345,0.0961838781342838,0.11777531721533
"504","N4-Acetylaminobutanal","C05936",0.0657461178459467,0,0.0200525659430137,0.024553983065879
"505","N5-Formyl-THF","C03479",0.205318232705584,0.214285714285714,0.211550632403775,0.259039698978175
"506","NAD","C00003",0.163513150321238,0.0592885375494071,0.0910770444448155,0.111522097139266
"507","NADH","C00004",0.161663376397948,0.0642857142857143,0.0939859012299455,0.115083936578973
"508","NADP","C00006",0.166805422906148,0.0367647058823529,0.0764271245746103,0.0935835507491552
"509","NADPH","C00005",0.182056875660211,0.0378787878787879,0.0818531046521219,0.100227559466924
"510","Naphthalene epoxide","None",0.227240240462944,0,0.069308273341198,0.0848666537131119
"511","Niacinamide","C00153",0.148915782098588,0.0810810810810811,0.101770664891421,0.124616230633456
"512","Nicotinamide riboside","C03150",0.331301835111218,0,0.101047059708922,0.123730189941808
"513","Nicotinamide ribotide","C00455",0.248057275899915,0.125,0.162532469149474,0.199017896587049
"514","Nicotinate D-ribonucleoside","C05841",0.206960249878563,0,0.0631228762129618,0.0772927533567158
"515","Nicotinic acid adenine dinucleotide","C00857",0.283629818777637,0,0.0865070947271794,0.105926281207397
"516","Nicotinic acid mononucleotide","C01185",0.323188510698084,0,0.0985724957629157,0.120700133768532
"517","Nitric oxide","C00533",0.103818091344832,0,0.0316645178601737,0.0387725958631645
"518","Norepinephrine","C00547",0.0971266720061794,0.0652173913043478,0.0749497219184065,0.0917744994833468
"519","Norspermidine","C03375",0.253135068486746,0,0.0772061958884575,0.0945375086566707
"520","O-Phosphoethanolamine","C00346",0.0829838277826994,0,0.0253100674737233,0.0309916930288202
"521","Octadecanol","D01924",0.0421870922844825,0,0.0128670631467672,0.0157554724672724
"522","Octanoyl-CoA","C01944",0.108664323423278,0.0144230769230769,0.0431666571056383,0.0528567451464594
"523","Olanzapine","C07322",0.168635434608042,0.107142857142857,0.125898093269738,0.15415980473305
"524","Oleamide","C19670",0.256196418915447,0,0.0781399077692113,0.0956808209775773
"525","Oleic acid","C00712",0.133222914128009,0,0.0406329888090426,0.049754316827512
"526","Oleoyl-CoA","C00510",0.0456564255315616,0.15,0.118175209787126,0.144703281772811
"527","Ornithine","C00077",0.121875471519674,0,0.0371720188135007,0.0455164253325506
"528","Oxalacetic acid","C00036",0.125560645323999,0.0882352941176471,0.0996195262355843,0.121982202535612
"529","Oxidized glutathione","C00127",0.0143532092674196,0,0.00437772882656297,0.00536044513105751
"530","Oxoadipic acid","C00322",0.109155821215122,0.3,0.241792525470612,0.296070318019822
"531","Oxoglutaric acid","C00026",0.102374655822774,0.0671641791044776,0.077903374503558,0.0953911905225087
"532","Oxygen","C00007",0.12808432897132,0.0606060606060606,0.0811869324574647,0.0994118443692622
"533","PA(16:0/16:0)","C00416",0.0616902935550546,0.15,0.123065539534292,0.150691396916764
"534","PA(16:0e/18:0)","None",0.0750627029305616,0.125,0.109769124393821,0.13441019115368
"535","PA(P-16:0e/18:2(9Z,12Z))","C15647",0.0732754957179292,0.122448979591837,0.107451067010295,0.131571774269647
"536","Palmitaldehyde","C00517",0.398837740275711,0,0.121645510784092,0.148952598900362
"537","Palmitic acid","C00249",0.109590284437525,0.0189873417721519,0.0466212392850906,0.0570868148829217
"538","Palmityl-CoA","C00154",0.106992556443201,0.0267857142857143,0.0512488011437477,0.0627531757784141
"539","Pantetheine","C00831",0.123752496405504,0,0.0377445114036786,0.04621743154814
"540","Pantetheine 4'-phosphate","C01134",0.110755439499631,0.136363636363636,0.128553136320115,0.157410854114131
"541","Pantoprazole","C11806",0.0973410623136662,0.214285714285714,0.17861759543424,0.218713825752975
"542","Parathion","C06604",0.180350694311361,0,0.0550069617649651,0.0673549715044306
"543","PC(16:0/16:0)","C00157",0.0731264006356369,0.0779220779220779,0.0764593963497134,0.0936230669198856
"544","PC(18:1(9Z)e/2:0)","C04598",0.058675791475506,0.0986842105263158,0.0864816427158188,0.105895115706797
"545","PC(dm16:0/dm16:0)","None",0.0250685992882333,0.102272727272727,0.0787254682374566,0.0963978285596594
"546","PC(O-16:0/18:2(9Z,12Z))","None",0.0458745798470369,0.0833333333333333,0.0719084135200129,0.0880504755791498
"547","PE(O-18:1(1Z)/20:4(5Z,8Z,11Z,14Z))","C00350",0.0283850639923134,0.107142857142857,0.0831217302319413,0.101780967199997
"548","PE(P-16:0e/0:0)","None",0.0133865106109265,0.15,0.108332885736333,0.132651544416163
"549","PE(P-16:0e/16:0)","C04756",0.0291735379920999,0.109756097560976,0.0851784168924685,0.104299340637985
"550","Pelargonic acid","C01601",0.109858122555146,0,0.0335067273793196,0.0410283461479637
"551","Pentadecanoic acid","C16537",0.10983351505569,0,0.0334992220919854,0.0410191560673211
"552","Phenylacetic acid","C07086",0,0,0,0
"553","Phenylethylamine","C05332",0.0413081945285558,0,0.0125989993312095,0.0154272334575375
"554","Phenylpyruvic acid","C00166",0,0,0,0
"555","Phosphatidylinositol-3,4,5-trisphosphate","C05981",0.137939903201355,0.16875,0.159352920476413,0.195124600113304
"556","Phosphoadenosine phosphosulfate","C00053",0.0853718135964774,0.0714285714285714,0.0756812602897828,0.0926702542128841
"557","Phosphocreatine","C02305",0.110947668757752,0,0.0338390389711143,0.0414352553295972
"558","Phosphoenolpyruvic acid","C00074",0.203588489589136,0.125,0.148969489324687,0.182410287471732
"559","Phosphoribosyl formamidocarboxamide","C04734",0.238480298309188,0,0.0727364909843023,0.0890644405795981
"560","Phosphoribosyl pyrophosphate","C00119",0.212793985493253,0.409090909090909,0.349220347393624,0.427613629125147
"561","Phosphoric acid","C00009",0.0971430479143384,0.180803571428571,0.15528711175673,0.190146095181022
"562","Phosphoroselenoic acid","C05172",0,0,0,0
"563","Phosphorylcholine","C00588",0.083107780297761,0.107142857142857,0.0998121587051028,0.122218077306349
"564","Phytanoyl-CoA","C02060",0.0662824897879405,0,0.0202161593853218,0.0247543001037851
"565","Phytosphingosine","C12144",0.107283228435906,0.0357142857142857,0.05754281324438,0.0704600730889404
"566","PIP3(16:0/16:0)","C00626",0.139396855786172,0.166666666666667,0.158349374348116,0.193895777093344
"567","Poly-N-acetyllactosamine","None",0,0,0,0
"568","Pregnenolone","C01953",0.21708904561107,0.166666666666667,0.18204549224471,0.222911219766043
"569","Pristanoyl-CoA","C07297",0.1049370521896,0.0142857142857143,0.0419343723463994,0.0513478360523974
"570","Progesterone","C00410",0.166440588140166,0.0857142857142857,0.110335807954179,0.135104084323476
"571","Propinol adenylate","C05983",0.0505814626880275,0,0.0154273461198484,0.0188904899480051
"572","Propionyl-CoA","C00100",0.109607338612809,0.0132743362831858,0.042655901993721,0.0522313352909591
"573","Propyl alcohol","C05979",0.109430820081885,0,0.033376400124975,0.0408687629202964
"574","Prostaglandin D2","C00696",0.708477598198303,0,0.216085667450482,0.264592762563976
"575","Prostaglandin E2","C00584",0.138897155976216,0.115384615384615,0.122555940265054,0.150067402368494
"576","Prostaglandin F2a","C00639",0.173929240120235,0,0.0530484182366716,0.0649567724527896
"577","Prostaglandin H2","C00427",0.420779223631165,0.333333333333333,0.360004329874172,0.440818409199806
"578","Protoporphyrin IX","C02191",0.280309790956895,0,0.0854944862418529,0.104686361504765
"579","PS(16:0/16:0)","C02737",0.0182741537017115,0.0384615384615385,0.0323043861097912,0.0395561022837469
"580","Pseudouridine","C02067",0.16061392030673,0,0.0489872456935525,0.059983944429945
"581","Putrescine","C00134",0.225487447772169,0,0.0687736715705117,0.084212044080523
"582","Pyridoxal","C00250",0.18481270476154,0,0.0563678749522697,0.0690213836459078
"583","Pyridoxal 5'-phosphate","C00018",0.095231144414638,0,0.0290454990464646,0.0355656574701537
"584","Pyridoxine","C00314",0.222491512353521,0,0.067859911267824,0.0830931620849606
"585","Pyrocatechol","C00090",0.358089612012248,0,0.109217331663736,0.133734531520449
"586","Pyroglutamic acid","C01879",0.067903881416804,0,0.0207106838321252,0.0253598358206096
"587","Pyrophosphate","C00013",0.0907434064528839,0.153614457831325,0.134438787160901,0.16461772088056
"588","Pyruvaldehyde","C00546",0.095394247336331,0,0.029095245437581,0.0356265709736191
"589","Pyruvic acid","C00022",0.112392112346741,0.127118644067797,0.122627051892875,0.15015447719524
"590","QH2","C00390",0.0268192895411055,0,0.00817988331003719,0.0100161104990902
"591","Quetiapine","C07397",0.301845956590242,0,0.0920630167600237,0.112729401361571
"592","Quinone","C00472",0.240338586347961,0,0.073303268836128,0.089758449207491
"593","Rabeprazole","C07864",0.102509354837798,0,0.0312653532255283,0.0382838264105452
"594","Retinal","C00376",0.19911344399689,0.0833333333333333,0.118646267085718,0.145280082415958
"595","Retinyl ester","C02075",0,0,0,0
"596","Retinyl palmitate","C02588",0,0,0,0
"597","Ribose 1-phosphate","C00620",0.177113665568737,0,0.0540196679984648,0.0661460491903194
"598","Risperidone","C06861",0.252972623160182,0,0.0771566500638556,0.0944768407430622
"599","Rosiglitazone","None",0.372065887917741,0,0.113480095814911,0.138954204607636
"600","S-Acetyldihydrolipoamide-E","C16255",0.0819268320088117,0.25,0.198737683762688,0.243350488687018
"601","S-Adenosylmethioninamine","C01137",0.279603543032645,0,0.0852790806249566,0.104422601451085
"602","S-Adenosylmethionine","C00019",0.121260079638156,0.0846774193548387,0.0958351307412506,0.117348282709764
"603","S-Glutaryldihydrolipoamide","C06157",0.091032109611355,0.5,0.375264793431463,0.459504554645135
"604","S-Methylmalonyl-CoA","C00683",0.364952878746398,0,0.111310628017652,0.136297732827054
"605","Saccharopine","C00449",0.107844237463829,0,0.0328924924264677,0.0402762272084896
"606","Sapropterin","C00272",0.0704073788409976,0,0.0214742505465043,0.0262948086429313
"607","Sarcosine","C00213",0,0,0,0
"608","Se-Adenosylselenohomocysteine","C05692",0.263123019451066,0,0.0802525209325752,0.0982676753475071
"609","Se-Adenosylselenomethionine","C05691",0.322573135623138,0.1875,0.228697306365057,0.280035472949343
"610","Se-Methylselenocysteine","C05689",0,0,0,0
"611","Selenite","C05684",0.142573737664045,0,0.0434849899875336,0.0532465376654608
"612","Selenocystathionine","C05699",0,0,0,0
"613","Selenocysteine","C05688",0.0251600713524784,0,0.00767382176250593,0.00939644782331661
"614","Selenohomocysteine","C05698",0.0842202638917336,0,0.0256871804869788,0.0314534606932534
"615","Selenomethionine","C05335",0.116068854991929,0.428571428571429,0.333258143629681,0.408068216232464
"616","Sepiapterin","C00835",0.75305316258901,0.375,0.490306214589648,0.600370572242093
"617","Serotonin","C00780",0.228458291005174,0.0555555555555556,0.108290889867689,0.132600121279072
"618","Sertraline","C07246",0.239440407134319,0.25,0.246779324175967,0.302176557556059
"619","SM(d16:1/24:1(15Z))","None",0.0987541056862813,0.0319148936170213,0.0523008532981456,0.064041393498626
"620","SM(d18:1/18:0)","C00550",0.102183491467497,0.0306122448979592,0.0524414751016682,0.0642135822046599
"621","Sorbitol","C00794",0.241165926262147,0,0.0735556075099549,0.0900674330822539
"622","Sorbitol-6-phosphate","C00644",0.163294653924836,0,0.0498048694470751,0.0609851090617086
"623","Spermidine","C00315",0.213671807247997,0,0.0651699012106391,0.0797992962735295
"624","Spermine","C00750",0.214749950259209,0,0.0654987348290587,0.0802019467433552
"625","Sphinganine","C00836",0.0829238423733671,0.0258620689655172,0.0432659098549114,0.0529782782376269
"626","Sphinganine 1-phosphate","C01120",0.100381493399339,0.03125,0.0523351054867984,0.0640833346478306
"627","Sphingosine","C00319",0.0836336140107965,0.0241935483870968,0.0423227684023252,0.0518234195865524
"628","Sphingosine 1-phosphate","C06124",0.103094506734456,0.0319148936170213,0.053624675617839,0.065662388582864
"629","Squalene","C00751",0.173616743585755,0,0.0529531067936552,0.0648400654156723
"630","Stearic acid","C01530",0.110458835149729,0,0.0336899447206674,0.0412526922745201
"631","Stearoyl-CoA","C00412",0.1049370521896,0.0141509433962264,0.0418407065782054,0.0512331441125915
"632","Substance P","None",0.1725363061165,0.375,0.313248573365532,0.383566880552149
"633","Succinic acid","C00042",0.0643566557863702,0.104651162790698,0.0923613381543778,0.113094690197223
"634","Succinic acid semialdehyde","C00232",0.0990689033661294,0,0.0302160155266695,0.0369989324891692
"635","Succinyl-CoA","C00091",0.0969312576133672,0.1,0.099064033572077,0.121302012404746
"636","Sulfate","C00059",0.141330774420781,0.0454545454545455,0.0746967952892474,0.0914647956685368
"637","Sumatriptan","C07319",1,0.15,0.40925,0.501118789399215
"638","Superoxide","C00704",0.300423232934951,0.375,0.35225408604516,0.431328384019249
"639","Taurine","C00245",0.0233662514504962,0.136363636363636,0.101899433965129,0.124773905898767
"640","Taurocholic acid","C05122",0.0901068713987275,0.125,0.114357595776612,0.14002868650991
"641","Testosterone","C00535",0.127828849382643,0.0202702702702703,0.0530756368995441,0.0649901011843417
"642","Tetradecanoyl-CoA","C02593",0.094358891340069,0.3,0.237279461858721,0.290544158035283
"643","Tetrahexosylceramide (d18:1/12:0)","C03272",0.0885531422860329,0.025,0.0443837083972401,0.0543470011510635
"644","Tetrahexosylceramide (d18:1/9Z-18:1)","C03272",0.090996483755045,0.0272727272727273,0.0467084729998342,0.0571936308964272
"645","Tetrahydrobiopterin","C00272",0.0736400162614066,0,0.022460204959729,0.0275020909446002
"646","Tetrahydrodeoxycorticosterone","C13713",0.572943379219597,0,0.174747730661977,0.213975250432719
"647","TG(10:0/10:0/10:0)[iso]","None",0.0402090687949258,0,0.0122637659824524,0.0150167466404443
"648","TG(14:0/14:0/14:0)","None",0.055198249975531,0.0441176470588235,0.0474972309484193,0.0581594499027168
"649","TG(16:0/16:0/18:0)[iso3]","C00422",0.0409023318346478,0.05,0.0472252112095676,0.0578263669406494
"650","TG(18:0/18:0/18:0)","C00422",0.047080860273247,0.0384615384615385,0.0410904316141096,0.0503144467840045
"651","Thiamine pyrophosphate","C00068",0.196808972330387,0.0882352941176471,0.121350265972533,0.148591077281438
"652","Thymidine","C00214",0.034543437933287,0,0.0105357485696525,0.0129008224035157
"653","Thymidine 3',5'-cyclic monophosphate","C00364",0,0,0,0
"654","Thymidine 5'-triphosphate","C00459",0.089528879211137,0.0365853658536585,0.0527331374276895,0.0645707171386346
"655","Thyroxine","C01829",0,0,0,0
"656","Tiglyl-CoA","C03345",0.275161264603954,0,0.083924185704206,0.102763558561776
"657","trans-1,2-Dihydrobenzene-1,2-diol","C04221",0.429707534414698,0,0.131060797996483,0.160481437824539
"658","Trans-2-all-cis-6,9,12,15,18,21-tetracosaheptaenoyl-CoA","C16374",0,0,0,0
"659","Trichloroethanol glucuronide","C14869",0,0,0,0
"660","Trichloroethylene","C06790",0.219459751626613,0,0.0669352242461169,0.0819609005311646
"661","Tridecanoyl-CoA","None",0.190615370674977,0,0.0581376880558681,0.0711884859059886
"662","Trihexosylceramide (d18:1/12:0)","C04737",0.096261337665099,0.025,0.0467347079878552,0.0572257551369575
"663","Tryptamine","C00398",0.0578314723399781,0,0.0176385990636933,0.0215981268405525
"664","Tyramine","C00483",0.074698985105805,0,0.0227831904572705,0.0278975805023803
"665","Ubiquinol 8","None",0.0348382363493844,0,0.0106256620865622,0.0130109197834654
"666","Ubiquinone-1","C00399",0.0259541511688118,0,0.0079160161064876,0.00969301016040992
"667","UDP-D-Xylose","C00190",0.110155185409482,0,0.033597331549892,0.0411392892201001
"668","Undecaprenyl diphosphate","C03543",0,0,0,0
"669","Uracil","C00106",0.210626298789546,0.1875,0.194553521130811,0.238227061655289
"670","Urea","C00086",0.162440382679892,0,0.049544316717367,0.0606660672327874
"671","Ureidopropionic acid","C02642",0.121324767146807,0,0.0370040539797762,0.0453107556095508
"672","Ureidosuccinic acid","C00438",0.253406522727843,0.5,0.424788989431992,0.52014598444539
"673","Uridine","C00299",0.0663160231398056,0,0.0202263870576407,0.0247668236927181
"674","Uridine 5'-diphosphate","C00015",0.0799508160120675,0.0918367346938776,0.0882115294959255,0.108013328948201
"675","Uridine 5'-monophosphate","C00105",0.0955211208035095,0.0967741935483871,0.0963920063611994,0.118030166244315
"676","Uridine diphosphate glucose","C00029",0.0384756962871274,0,0.0117350873675739,0.0143693897987358
"677","Uridine diphosphate glucuronic acid","C00167",0.0394302814015334,0.0810810810810811,0.0683775871788191,0.0837270463264242
"678","Uridine diphosphate-N-acetylgalactosamine","C00203",0.127476736083524,0.09375,0.104036654505475,0.127390891530673
"679","Uridine diphosphate-N-acetylglucosamine","C00043",0.0656147715952531,0.2625,0.202450005336552,0.247896155377197
"680","Uridine diphosphategalactose","C00052",0.113391919575582,0.0833333333333333,0.0925012021372192,0.113265950966342
"681","Uridine triphosphate","C00075",0.0793132402792853,0.1171875,0.105635850785182,0.129349076756571
"682","Valdecoxib","None",0.24517443805344,0.5,0.422278203606299,0.51707157527395
"683","Vasopressin","C00840",0.187055975223649,0,0.0570520724432129,0.0698591703737548
"684","Xanthosine","C01762",0.159540826743429,0,0.0486599521567458,0.0595831797605673
"685","Xanthurenic acid","C02470",0.338763129506622,0,0.10332275449952,0.126516734641885
"686","Xanthylic acid","C00655",0.0957244960460573,0,0.0291959712940475,0.0357499078563404
"687","Xylulose 5-phosphate","C00231",0,0,0,0
"688","Zolpidem","C07219",0.449121040384674,0.166666666666667,0.252815250650659,0.309567433958992
