"","Metabolite","KEGG_ID","Gene_Count","Mutation_Score","Normalized_Score"
"989","Stachyose","C01613",1,0.0308370044052863,1
"137","3-Indolebutyric acid","C11284",1,0.0252100840336134,0.809867734075879
"33","1-Phosphatidyl-D-myo-inositol","C01194",22,0.0219565686393377,0.699932243030578
"976","Sialyl-Lewis X","None",2,0.0211956133882056,0.674219750830946
"757","Melibiitol","C05399",2,0.0209130076971487,0.664670573509331
"284","Acetylphosphate","C00227",1,0.0202020202020202,0.640646479588787
"65","18-Hydroxycorticosterone","C01124",2,0.0168986083499006,0.529024999411813
"300","ADP-Ribosyl-L-arginine","None",1,0.0168067226890756,0.525920205360251
"544","Ecgonine methyl ester","C12448",4,0.0166165822255981,0.519495405509368
"108","20a-Dihydroprogesterone","C04042",1,0.0154798761609907,0.48108638503673
"675","Inositol cyclic phosphate","C04299",1,0.0154798761609907,0.48108638503673
"1","(+)-(1R,2R)-1,2-Diphenylethane-1,2-diol","C16015",1,0.0153846153846154,0.477867546654529
"1040","Trimethyl sulfonium","C01008",1,0.0152091254752852,0.471937785452337
"846","Oxalosuccinic acid","C05379",1,0.0144927536231884,0.447731755424063
"937","Quinolinic acid","C03722",1,0.01440329218107,0.444708875130884
"47","11b,17a,21-Trihydroxypreg-nenolone","C05489",4,0.013822044813193,0.425068668442829
"258","7-Ketocholesterol","None",1,0.0136986301369863,0.42089851665721
"301","Adrenosterone","C05285",1,0.0136986301369863,0.42089851665721
"502","Diadenosine triphosphate","C06197",1,0.0136054421768707,0.417749718230487
"773","Myoinositol","C00137",3,0.0136008656286615,0.417595077783555
"991","Stearidonic acid","C16300",1,0.0135135135135135,0.414643471133856
"80","2-Ethoxyethanol","C14687",1,0.0133333333333333,0.408555226824458
"915","Prostaglandin I2","C01312",2,0.0129668874172185,0.396173108762099
"357","Biocytin","C05552",1,0.0128913443830571,0.393620528076542
"358","Biotin amide","C01893",1,0.0128913443830571,0.393620528076542
"748","LysoPE(0:0/18:0)","None",1,0.0127462340672074,0.388717285922919
"576","Galactosylglycerol","C05401",5,0.0126943935702994,0.386965608185773
"69","1D-Myo-inositol 1,3-bisphosphate","C04062",2,0.0125032485075562,0.380506863170909
"23","(S)-Ureidoglycolic acid","C00603",1,0.0121951219512195,0.370095342040698
"113","24-Hydroxycholesterol","C13550",1,0.012,0.363502218934911
"395","Cholesteryl acetate","C02530",6,0.0116226022156645,0.350750039918538
"417","Cortexolone","C05488",6,0.011581855841252,0.34937322987263
"896","PIP3(16:0/16:0)","C00626",71,0.0115704879422855,0.348989111341262
"532","Dolichyl beta-D-mannosyl phosphate","None",1,0.0115384615384615,0.347906946973145
"879","Phosphatidylinositol-3,4,5-trisphosphate","C05981",70,0.0115370228632002,0.347858334487219
"418","Corticosterone","C02140",8,0.0114322148111328,0.34431689598971
"858","Palmitoleic acid","C08362",1,0.0113207547169811,0.340550686613822
"910","Prostaglandin D2","C00696",3,0.0113194128782995,0.34050534621229
"1024","Thromboxane A2","C02198",1,0.0112570356472795,0.338397634801337
"64","17a,21-Dihydroxypreg-nenolone","C05487",6,0.0112389880401044,0.337787810559998
"419","Cortisol","C00735",5,0.01119180952265,0.336193659970683
"998","Sulfite","C00094",1,0.0110091743119266,0.330022460778459
"649","Hydrogen","C00282",1,0.010989010989011,0.329341147018662
"518","Dimethylallylpyrophosphate","C00235",5,0.0109577750310793,0.328285691624313
"914","Prostaglandin H2","C00427",8,0.0109094174088279,0.326651699371701
"409","Clopidogrel","None",5,0.0108744419990818,0.325469888813278
"62","17-Hydroxyprogesterone","C01176",8,0.0108563515344541,0.32485861642908
"483","Deoxyhypusine","None",1,0.010840108401084,0.324309764917176
"607","Glutaric acid","C00489",3,0.0108221903467654,0.32370431823524
"874","PG(16:0/16:0)","None",1,0.0108108108108108,0.323319806492883
"1021","Thiamine triphosphate","C03028",2,0.0107532653426373,0.321375359169163
"59","16a-Hydroxydehydroisoandrosterone","C05139",2,0.0107454812764853,0.321112337473844
"931","Pyrrolidonecarboxylic acid","C02237",1,0.0106382978723404,0.317490636409417
"379","CE(18:2(9Z,12Z))","C15441",8,0.0105418664102565,0.314232240842865
"372","Carbamoyl phosphate","C00169",3,0.0105355170443725,0.314017697319417
"935","QH2","C00390",30,0.0105317466537406,0.313890296740254
"18","(S)-5-Diphosphomevalonic acid","C01143",1,0.0104166666666667,0.310001772066075
"241","5,6-Dihydroxyindole-2-carboxylic acid","C04185",2,0.0104035478627787,0.309558490884774
"1045","Ubiquinone-1","C00399",31,0.0103668533487987,0.308318592213893
"522","dIMP","C06196",1,0.0103092783505155,0.306373147074971
"449","D-Limonene","C00521",2,0.0102040816326531,0.302818575655114
"844","Ortho-Hydroxyphenylacetic acid","C05852",1,0.0101781170483461,0.30194123868889
"999","Sumatriptan","C07319",9,0.0101581986312564,0.301268200237176
"270","8-Oxo-dGTP","None",1,0.0101522842639594,0.301068355209804
"940","Rabeprazole","C07864",4,0.0100416141771709,0.297328839989891
"543","Ecgonine","C10858",1,0.0100250626566416,0.296769568151147
"19","(S)-b-aminoisobutyric acid","C03284",1,0.01,0.295922707100592
"565","Fructosamine","None",3,0.0099902649511932,0.295593762177568
"52","13-cis-Retinoic acid","D00348",1,0.00998003992015968,0.2952482608747
"45","11b-Hydroxyprogesterone","C05498",5,0.00997599471233424,0.295111574289644
"110","21-Deoxycortisol","C05497",5,0.00997599471233424,0.295111574289644
"802","N,N-Dimethylaniline","C02846",5,0.00995416328349369,0.294373895637799
"1011","Tetrahydrocorticosterone","C05476",2,0.00994529030069129,0.294074079714649
"566","Fructose 1-phosphate","C01094",4,0.00991961059075153,0.293206368583761
"926","Pyridoxine 5'-phosphate","C00627",2,0.0098965040301426,0.292425603540701
"962","SAICAR","C04823",2,0.00987117160913952,0.291569627218216
"681","Isomaltose","C00252",1,0.00985221674876847,0.290929147112834
"682","Isopentanol","C07328",1,0.00985221674876847,0.290929147112834
"123","3-Carboxy-1-hydroxypropylthiamine diphosphate","C05381",2,0.0098506624856034,0.290876628939855
"634","Heme A","C15670",1,0.00975609756097561,0.287681303218358
"694","L-Acetylcarnitine","C02571",2,0.0097120354940401,0.286192456731401
"491","Desmosterol","C01802",1,0.00968992248062015,0.285445263405348
"28","1-Methylhistidine","C01152",2,0.00968363810606314,0.285232915922975
"700","L-Carnitine","C15025",15,0.00963306260052458,0.28352398193544
"676","Inositol phosphate","C01177",5,0.00959224957099948,0.282144919629547
"683","Isopentenyl pyrophosphate","C00129",7,0.00958956417947309,0.282054180905328
"240","5,6-Dihydroxyindole","C05578",2,0.00954285360461262,0.280475841982043
"703","L-Dopachrome","C01693",2,0.00954285360461262,0.280475841982043
"335","Aspirin","C01405",9,0.00951647663319368,0.279584570555963
"118","3 alpha,7 alpha,24-Trihydroxy-5beta-cholestanoyl-CoA","C05448",1,0.00951086956521739,0.279395109097633
"105","2'-Deoxyinosine triphosphate","C01345",5,0.00950354671996522,0.279147671943943
"973","Sepiapterin","C00835",3,0.00950173163633644,0.279086340711157
"537","Dopaquinone","C00822",1,0.00945179584120983,0.2773990223823
"131","3-Hydroxy-3-methylglutaryl-CoA","C00356",5,0.00944821093451851,0.277277889260214
"888","Phosphoribosyl-ATP","C02739",1,0.00943396226415094,0.27679643016635
"214","5-amino-1-(5-phospho-D-ribosyl)imidazole-4-carboxylate","C04751",1,0.00941176470588235,0.276046380090498
"371","Caprylic acid","C06423",5,0.00940940344340811,0.275966593607837
"124","3-Dehydro-L-gulonate","C00618",1,0.00940438871473354,0.275797147149932
"635","Heme O","C15672",2,0.00939272146671805,0.275402913687264
"528","Dodecanoic acid","C02679",9,0.00934721202988438,0.273865160924727
"337","Atorvastatin","C06834",15,0.00933655071937559,0.273504917844878
"44","11b-Hydroxyandrost-4-ene-3,17-dione","C05284",7,0.00930947541399213,0.272590049884588
"503","dIDP","C01344",4,0.00930211381232766,0.272341303161186
"1013","Tetrahydrodeoxycorticosterone","C13713",3,0.00928792569659443,0.271861890193636
"795","N-Glycolylneuraminic acid","C03410",1,0.00921658986175115,0.269451469746135
"420","Cortisone","C00762",3,0.00916013350461623,0.267543823218574
"1041","Triphosphate","C00536",2,0.00915463917525773,0.267358171170622
"1000","Superoxide","C00704",3,0.00912113412113412,0.266226043569794
"102","2,3-Epoxyaflatoxin B1","C19586",10,0.00911183668342762,0.265911885419036
"615","Glycerylphosphorylethanolamine","C01233",6,0.00910574384193527,0.265706009792167
"338","Avenasterol","C08821",2,0.00905548755609955,0.264007862160476
"711","L-Lactic acid","C00186",3,0.00903013250607219,0.263151121208784
"421","Creatine","C00300",8,0.00900423459212769,0.262276037017835
"396","Cholic acid","C00695",24,0.00898549207133766,0.261642731815068
"1034","trans-3-Hexenoyl-CoA","None",1,0.00895522388059702,0.260619977037887
"328","Anserine","C01262",2,0.00894013437032691,0.260110106168951
"975","Sertraline","C07246",6,0.00892815252445491,0.259705242521499
"306","Aldosterone","C01780",12,0.00891306168702817,0.259195326808264
"146","3-Methylhistidine","C01152",6,0.00889362245720712,0.258538479977393
"294","Adenosylcobalamin","C00194",3,0.00887612971823498,0.257947404597202
"1069","Xanthurenic acid","C02470",4,0.00887036650064723,0.257752666881614
"806","N1-Acetylspermidine","C00612",3,0.00883595889630418,0.256590042329169
"638","Heparin","C00374",21,0.00883544305732567,0.256572612255992
"193","4-Imidazolone-5-propionic acid","C03680",2,0.00882712448259577,0.25629152964629
"517","Dihydroxyacetone Phosphate Acyl Ester","C03372",1,0.00882352941176471,0.256170053080404
"722","Lanosterin","C01724",2,0.00882110438146316,0.256088111898423
"827","Nitric oxide","C00533",6,0.00879088739270419,0.255067087223706
"958","S-Glutaryldihydrolipoamide","C06157",3,0.0087746138424994,0.25451720793438
"368","Canavaninosuccinate","None",2,0.00875669568128557,0.253911757640481
"156","3-Phosphoglyceric acid","C00597",8,0.00869722140454625,0.251902136346109
"230","5-Methoxyindoleacetate","C05660",1,0.00869565217391304,0.251849112426035
"619","Glycolic acid","C00160",6,0.00869229402310128,0.251735641329773
"818","Naphthalene epoxide","None",11,0.00868574050866711,0.251514199676643
"24","1-(beta-D-Ribofuranosyl)-1,4-dihydronicotinamide","C15497",1,0.00865800865800866,0.250577147211763
"645","Homovanillic acid","C05582",3,0.00864040473415473,0.249982314921554
"875","Phenylacetic acid","C07086",3,0.00864040473415473,0.249982314921554
"740","Loratadine","C06818",4,0.00863406782262818,0.249768192227803
"348","Beta-D-Galactose","C00962",7,0.00863222209365796,0.24970582549641
"798","N-Methyltyramine","C02442",5,0.00860288453761759,0.2487145166386
"678","Iodotyrosine","C02515",1,0.00857449088960343,0.247755102202604
"747","LysoPC(P-18:0)","C04230",7,0.0085709902850894,0.247636817630512
"1068","Xanthosine 5-triphosphate","C00700",2,0.00855599971947542,0.247130290077356
"797","N-Methylserotonin","C06212",2,0.00855332934105815,0.24704005864243
"3","(24R)-Cholest-5-ene-3-beta,24-diol","None",1,0.00852878464818763,0.246210699461273
"265","7a-Hydroxydehydroepiandrosterone","C18045",3,0.00852662161476932,0.246137611090028
"262","7,8-Dihydropteroic acid","C00921",1,0.00851788756388416,0.24584248964245
"567","Fructose 1,6-bisphosphate","C00354",8,0.00851780431107354,0.2458396765503
"438","D-Erythrose 4-phosphate","C00279",6,0.00848060467177082,0.244582709818055
"980","Sorbitol","C00794",8,0.00847866853346665,0.244517288177335
"295","Adenylsuccinic acid","C03794",2,0.00845476294040887,0.243709524022858
"220","5-Dehydroepisterol","C15780",1,0.00842105263157895,0.242570460915603
"111","21-Hydroxypregnenolone","C05485",4,0.00840917788520623,0.24216921613409
"716","L-Sorbose","C08356",1,0.00840336134453781,0.241972676644622
"450","D-Mannose","C00159",45,0.00839435856246936,0.241668474835954
"1044","Ubiquinol 8","None",6,0.00839002491161511,0.241522041831358
"42","11-Dehydrocorticosterone","C05490",2,0.00838305739978149,0.241286611307151
"966","Se-Adenosylselenomethionine","C05691",8,0.00834049570344069,0.239848461976375
"843","Orotidylic acid","C01103",1,0.00833333333333333,0.239606447238659
"1023","Thiosulfate","C00320",1,0.00833333333333333,0.239606447238659
"389","Chitin","C00461",5,0.00832368080479023,0.239280290655204
"820","Neuraminic acid","C06469",1,0.00831024930747922,0.238826443639463
"899","Porphobilinogen","C00931",1,0.00831024930747922,0.238826443639463
"217","5-Aminolevulinic acid","C00430",2,0.00830627129471891,0.238692027559257
"913","Prostaglandin G2","C05956",2,0.00830578558082455,0.238675615405321
"1062","Urocanic acid","C00785",2,0.00828582493492925,0.23800115005257
"887","Phosphoribosyl pyrophosphate","C00119",6,0.00827482084267015,0.237629324461045
"249","6-(N-Acetyl-alpha-D-glucosaminyl)-1-phosphatidyl-1D-myo-inositol","C01288",1,0.00826446280991736,0.237279329062546
"38","1,4-beta-D-Glucan","C00760",2,0.00826226012793177,0.23720490097589
"791","N-Acetylputrescine","C02714",4,0.00825401337235952,0.236926245117995
"84","2-Hydroxybutyric acid","C05984",4,0.00824607678623391,0.236658069809995
"552","Ethyl carbamate","C01537",3,0.00823311186896257,0.23621998841991
"341","Benzaldehyde","C00193",1,0.0082135523613963,0.235559077433386
"474","Decanal","C12307",1,0.0082135523613963,0.235559077433386
"1047","Undecaprenyl diphosphate","C03543",7,0.00820957476247579,0.235424675336726
"592","Geranyl-PP","C00341",3,0.00820953067136703,0.235423185508923
"557","Farnesyl pyrophosphate","C00448",9,0.00817600192619326,0.234290257393292
"9","(E)-3-(2,3-Dihydroxyphenyl)-2-propenoic acid","C12623",2,0.00814465408805031,0.233231021593912
"299","ADP-ribose 2'-phosphate","C03246",2,0.00814465408805031,0.233231021593912
"233","5-Methylthioribose 1-phosphate","C04188",1,0.00813008130081301,0.23273861067013
"234","5-Methylthioribulose 1-phosphate","C04582",1,0.00813008130081301,0.23273861067013
"385","Cetirizine","C07778",2,0.0081155775817375,0.232248533542678
"949","Rosiglitazone","None",3,0.00806223479490806,0.23044609379577
"553","Ethyl p-anisate","None",1,0.00804828973843058,0.229974893741145
"631","Gulonic acid","C00800",2,0.00804667596271794,0.22992036465371
"906","Progesterone","C00410",34,0.00803901107122089,0.229661369840893
"611","Glyceric acid 1,3-biphosphate","C00236",9,0.00802919591277269,0.22932971803264
"951","S-(Hydroxymethyl)glutathione","C14180",1,0.00802139037433155,0.229065970793912
"106","20-Hydroxy-leukotriene B4","C04853",5,0.00801653335810407,0.2289018534011
"1037","Trichloroethylene","C06790",10,0.00801585302107228,0.228878864978854
"1032","trans-1,2-Dihydrobenzene-1,2-diol","C04221",5,0.00800875030125507,0.228638865809883
"413","Coenzyme Q10","C11378",8,0.00800113597296559,0.228381579515508
"293","Adenosyl cobyrinic acid a,c diamide","C06506",1,0.008,0.228343195266272
"900","PPPi","C00404",1,0.008,0.228343195266272
"203","4,4-Dimethylcholesta-8,14,24-trienol","C11455",1,0.00795228628230616,0.226730960391497
"831","Obtusifoliol","C01943",1,0.00795228628230616,0.226730960391497
"775","N-(o)-Hydroxyarginine","C05933",4,0.00794791496789084,0.226583254744366
"771","Myo-inositol 1-phosphate","C04006",5,0.00794511125848938,0.226488518088028
"529","Dolichol phosphate","C00110",6,0.00794096630402639,0.226348461088436
"947","Ribothymidine","None",1,0.00793650793650794,0.226197813938199
"107","20-Hydroxyeicosatetraenoic acid","C14748",7,0.00792813213990643,0.225914797815422
"558","Farnesylcysteine","C19691",1,0.00792079207920792,0.225666778956002
"207","4,8 Dimethylnonanoyl carnitine","None",3,0.00790151125599506,0.225015284645758
"1048","Uracil","C00106",6,0.00790005612928136,0.224966116269273
"408","CL(18:1(11Z)/18:1(11Z)/18:1(11Z)/18:2(9Z,12Z))","None",2,0.00788193942895662,0.224353957387276
"614","Glycerophosphocholine","C00670",13,0.00788169401237758,0.224345664820972
"57","15(S)-HETE","C04742",5,0.00786107560758921,0.223648973955772
"895","Phytosphingosine","C12144",31,0.00785635159311125,0.223489350659612
"736","Lithocholic acid","C03990",13,0.00785153408700698,0.22332656830422
"582","Ganglioside GD2 (d18:1/12:0)","None",28,0.00782914351148084,0.222569996222347
"928","Pyrocatechol","C00090",6,0.00781943395665873,0.222241912734843
"388","Chenodeoxyglycocholoyl-CoA","None",3,0.00781838899248452,0.222206603650454
"505","Difucosyllactohexaose","None",2,0.00779228416843096,0.221324528017424
"624","Guanidoacetic acid","C00581",2,0.00778338742637336,0.22102390927484
"12","(R)-b-aminoisobutyric acid","C01205",1,0.00778210116731518,0.220980446895218
"112","24-Hydroxycalcitriol","None",1,0.00778210116731518,0.220980446895218
"606","Glucosylsphingosine","C03108",30,0.00775270909910204,0.219987296084395
"126","3-Dehydrosphinganine","C02934",32,0.0077315574769039,0.219272587933068
"104","2'-Deoxyguanosine 5'-monophosphate","C00362",7,0.00770724145766953,0.218450955578262
"833","Octanol","C00756",2,0.00770712909441233,0.218447158851227
"95","2-Methylpropan-2-ol","None",2,0.00768060391491354,0.217550879510304
"923","Pyridoxal","C00250",4,0.00766851052206154,0.217142246717625
"35","1,2-Dihydroxy-3-keto-5-methylthiopentene","C15606",1,0.00766283524904215,0.216950480627536
"275","9-cis-Retinoic acid","C15493",3,0.00765100935171162,0.216550886443236
"446","D-Glyceraldehyde 3-phosphate","C00661",11,0.00764915964382332,0.216488385265173
"164","3'-Ketolactose","C05403",2,0.00762468198552943,0.215661291165999
"584","Ganglioside GD3 (d18:1/24:1(15Z))","C06133",29,0.00762386865273598,0.215633808849429
"488","Deoxyuridine triphosphate","C00460",8,0.0076217050419213,0.215560700968101
"79","2-Arachidonylglycerol","C13856",5,0.0076188107897974,0.215462904895271
"149","3-O-Sulfogalactosylceramide (d18:1/24:0)","C06125",54,0.00761580761212659,0.215361428254799
"321","Androstanedione","C00674",6,0.00761437543009693,0.215313035173588
"743","LysoPC(10:0)","None",11,0.00757063077872379,0.213834914081008
"1017","TG(14:0/14:0/14:0)","None",29,0.00757043365100871,0.213828253183631
"578","Gamma-Aminobutyric acid","C00334",36,0.00756939883125447,0.213793286876717
"793","N-Glycoloylganglioside GM1","C01808",32,0.00756277212373498,0.213569372047099
"431","Cytidine triphosphate","C00063",50,0.00755422812984629,0.213280672579043
"153","3-Oxooctadecanoyl-CoA","C16216",1,0.00754716981132075,0.213042173718879
"50","12(S)-HPETE","C05965",1,0.00754147812971342,0.212849853186609
"332","Argininosuccinic acid","C03406",5,0.00753206338051272,0.212531731109096
"432","Cytosine","C00380",2,0.00752984389348026,0.212456735184008
"504","Diethylthiophosphate","C06607",3,0.00752234688735047,0.212203413176773
"648","Hydrochloric acid","C01327",12,0.00751310727976091,0.211891209091551
"577","Galactosylsphingosine","C01747",32,0.00750061822914869,0.211469207119728
"369","Capric acid","C01571",4,0.00750044074678219,0.211463210033884
"425","Cysteamine","C01678",4,0.00748154732927927,0.210824806068019
"290","Adenosine phosphosulfate","C00224",5,0.00747780058115782,0.210698204363512
"583","Ganglioside GD3 (d18:1/12:0)","C06133",30,0.00746337265644628,0.210210688309118
"101","2,3-Diphosphoglyceric acid","C01159",4,0.00744944320277161,0.209740015469392
"462","D-Tryptophan","C00525",1,0.00744416873449132,0.209561792473608
"873","Pentanal","None",1,0.00744047619047619,0.209437022312623
"516","Dihydroxyacetone phosphate","C00111",12,0.00743623795023403,0.209293813209322
"247","5a-Pregnane-3,20-dione","C03681",5,0.00742464244335125,0.208902003862018
"281","Acetyl-N-formyl-5-methoxykynurenamine","C05642",2,0.00740758805274934,0.208325740166263
"405","Citicoline","C00307",7,0.00740594948670499,0.20827037341957
"476","Dehydroepiandrosterone","C01227",9,0.00740494436913289,0.208236410742141
"563","Formyl-CoA","C00798",10,0.00739352927611407,0.207850697535263
"794","N-Glycoloylganglioside GM2","C01808",33,0.00739045092628482,0.207746680845906
"774","Myristic acid","C06424",55,0.00736239925851051,0.206798821838742
"269","8-Oxo-dGMP","None",2,0.00735924715481075,0.206692313024102
"1064","Valdecoxib","None",3,0.00735772776057087,0.206640973063594
"608","Glutaryl-CoA","C00527",5,0.00735679223997587,0.206609362051034
"919","Pseudouridine","C02067",10,0.00734580264941069,0.206238026468207
"571","Galabiosylceramide (d18:1/9Z-18:1)","C06126",45,0.00734229370624083,0.20611946013497
"644","Homogentisic acid","C00544",2,0.00733624953540898,0.20591522907784
"480","Deoxycholic acid","C04483",10,0.00733259981323525,0.205791905856424
"886","Phosphoribosyl formamidocarboxamide","C04734",3,0.00732450996128143,0.205518551733499
"993","Substance P","None",4,0.00731490779616472,0.205194096917929
"892","Phosphorylcholine","C00588",13,0.00728894110654882,0.204316688813831
"872","Pentadecanoic acid","C16537",50,0.00728554770824433,0.204202026713393
"826","Nicotinic acid mononucleotide","C01185",9,0.00727877513734463,0.20397318319576
"1061","Uridine triphosphate","C00075",49,0.00727278080138126,0.203770636046673
"387","Chenodeoxyglycocholic acid","C05462",10,0.00726073102791617,0.20336347714243
"274","9-cis-Retinal","C16681",9,0.00725409348640953,0.203139196235031
"995","Succinic acid semialdehyde","C00232",3,0.00725309692009046,0.203105522502354
"814","NADH","C00004",166,0.00722784490447296,0.202252263058222
"579","Gamma-Glutamylcysteine","C00669",3,0.00722566264484621,0.202178525038087
"22","(S)-Succinyldihydrolipoamide","C01169",2,0.00722132670434315,0.202032014666817
"386","Chenodeoxycholic acid","C02528",13,0.00721839085455372,0.201932813019023
"974","Serotonin","C00780",23,0.00721739300343535,0.201899095873291
"739","Loperamide","C07080",10,0.00721430837703348,0.201794867100076
"650","Hydrogen carbonate","C00288",19,0.00721012148312297,0.201653392976789
"1039","Trihexosylceramide (d18:1/12:0)","C04737",47,0.00720471306550359,0.201470643865532
"837","Oleamide","C19670",3,0.00720274710809166,0.20140421464444
"996","Succinyl-CoA","C00091",13,0.00719962603072156,0.201298754201905
"16","(S)-3-Hydroxyisobutyric acid","C06001",4,0.00719452512928621,0.201126395987447
"902","Presqualene diphosphate","C03428",1,0.00719424460431655,0.201116917117194
"612","Glycerol","C00116",40,0.0071858128520042,0.200832010264606
"550","Escitalopram","None",3,0.00718274746779773,0.200728431680477
"360","Bradykinin","C00306",11,0.00717558869543315,0.200486538509611
"746","LysoPC(O-18:0)","C04317",20,0.0071747714045847,0.200458922451329
"1003","Taurocholic acid","C05122",24,0.00716948442362902,0.200280276655297
"588","Ganglioside GM3 (d18:1/25:0)","C04730",37,0.00716663615365582,0.200184034308117
"132","3-Hydroxyanthranilic acid","C00632",7,0.00716484666325593,0.200123567864288
"857","Palmitic acid","C00249",69,0.00715529157481656,0.199800703758155
"248","6-(alpha-D-Glucosaminyl)-1D-myo-inositol","C15658",1,0.00714285714285714,0.199380547337278
"1072","Zolpidem","C07219",7,0.00712934664669749,0.198924030969724
"984","Sphinganine","C00836",46,0.00712419453329434,0.198749942315374
"570","Fumaric acid","C00122",10,0.00712348783830895,0.198726063264309
"990","Stearic acid","C01530",58,0.00711942663151442,0.198588836077993
"752","Malonyl-CoA","C00083",11,0.00711176184819177,0.198329844920363
"231","5-Methoxytryptamine","C05659",7,0.00710612482418789,0.198139371255173
"140","3-Methoxy-4-hydroxyphenylglycolaldehyde","C05583",5,0.0071022110203206,0.198007124777789
"184","4-Guanidinobutanoic acid","C01035",1,0.00709219858156028,0.197668806915943
"987","Sphingosine 1-phosphate","C06124",37,0.0070777011745949,0.197178943073151
"985","Sphinganine 1-phosphate","C01120",38,0.00707046485653807,0.196934429652272
"585","Ganglioside GM1 (18:1/12:0)","C04911",39,0.00706099239265939,0.196614357409877
"356","Biliverdin","C00500",4,0.0070423046479563,0.195982903077717
"575","Galactosylceramide (d18:1/16:0)","C02686",52,0.00702927049478582,0.1955424822235
"1019","TG(18:0/18:0/18:0)","C00422",34,0.0070241425515875,0.195369210274472
"1016","TG(10:0/10:0/10:0)[iso]","None",23,0.00702317041466668,0.195336362005199
"1073","Zymosterol intermediate 2","C05437",2,0.00701887428378834,0.195191196791432
"182","4-Coumaryl alcohol","C02646",4,0.00701264732835221,0.194980789487138
"977","SM(d16:1/24:1(15Z))","None",37,0.00701258689884337,0.194978747588784
"838","Oleic acid","C00712",8,0.00701030772538629,0.194901734873976
"861","Pantetheine 4'-phosphate","C01134",9,0.00700916172050968,0.194863011648916
"482","Deoxyguanosine","C00330",6,0.00700424622227472,0.194696918163345
"68","1b-Hydroxycholic acid","None",9,0.0070042146987479,0.194695852991068
"1018","TG(16:0/16:0/18:0)[iso3]","C00422",27,0.00700207946358676,0.194623703916148
"78","2-Amino-3-carboxymuconic acid semialdehyde","C04409",1,0.00699300699300699,0.194317147349692
"884","Phosphoglycolic acid","C00988",1,0.00699300699300699,0.194317147349692
"380","Celecoxib","C07589",4,0.00698597275751731,0.194079462249432
"986","Sphingosine","C00319",50,0.00698574832364842,0.194071878683782
"978","SM(d18:1/18:0)","C00550",39,0.0069679995042071,0.193472150407042
"289","Adenosine diphosphate ribose","C00301",7,0.00696657833336955,0.193424129391325
"807","N1-Acetylspermine","C02567",25,0.00696273024932104,0.193294103570577
"173","3a,7a,12a-Trihydroxy-5b-cholest-24-enoyl-CoA","C05460",2,0.00695807795441486,0.193136903661243
"938","Quinone","C00472",5,0.00694931435407593,0.192840783744835
"823","Nicotinamide ribotide","C00455",8,0.00694837648228663,0.192809093285992
"862","Pantoprazole","C11806",7,0.0069468247761319,0.192756661513769
"160","3,4-Dihydroxymandelaldehyde","C05577",12,0.00694464500317408,0.19268300751757
"437","D-erythro-Eritadenine","None",1,0.00694444444444444,0.192676230687048
"586","Ganglioside GM2 (d18:1/12:0)","C04884",40,0.00693939733129715,0.192505689965715
"964","Sarcosine","C00213",4,0.00693673642484355,0.192415778586129
"298","ADP","C00008",696,0.00693599684806093,0.192390788467162
"330","Arachidonic acid","C00219",99,0.00692633389843017,0.192064279757699
"847","Oxidized glutathione","C00127",10,0.00692071923228407,0.191874561559066
"688","Ketoleucine","C00233",4,0.00691295788269316,0.191612307450801
"587","Ganglioside GM3 (d18:1/12:0)","C04730",35,0.00691217668972512,0.191585911131087
"340","B-Carotene","C02094",1,0.00690846286701209,0.191460421968094
"351","beta-Ionone","C12287",1,0.00690846286701209,0.191460421968094
"63","17a-Hydroxypregnenolone","C05138",6,0.00690208183465515,0.191244808442254
"944","Retinyl palmitate","C02588",4,0.00690028434376347,0.191184071663761
"82","2-Hexaprenyl-3-methyl-6-methoxy-1,4 benzoquinone","C05804",2,0.00689130342874054,0.190880608737223
"965","Se-Adenosylselenohomocysteine","C05692",8,0.00688987275095265,0.190832266483974
"603","Glucosylceramide (d18:1/16:0)","C01190",48,0.00688976130779382,0.190828500846839
"423","Cyclic AMP","C00575",143,0.0068814017152648,0.190546032255716
"551","Ethanolamine","C00189",14,0.00687453831224424,0.19031411954289
"622","Guaiacol","C01502",1,0.00687285223367698,0.190257147359645
"604","Glucosylceramide (d18:1/20:0)","C01190",49,0.00686884990639591,0.190121909697717
"727","Leukotriene D4","C05951",5,0.00686861712428324,0.190114044046949
"605","Glucosylceramide (d18:1/24:0)","None",46,0.00685780823484879,0.189748814311223
"548","Epinephrine","C00788",8,0.00684977178875304,0.189477264759206
"549","Ercalcitriol","None",2,0.0068438064891694,0.189275698742302
"319","Anandamide","C11695",4,0.00684211988111017,0.189218708667653
"625","Guanine","C00242",7,0.00683923712186153,0.189121300936274
"6","(3a,5b,7a)-23-Carboxy-7-hydroxy-24-norcholan-3-yl-b-D-Glucopyranosiduronic acid","None",15,0.00683768863079243,0.189068977801009
"490","Dermatan","C00426",13,0.00683332059467155,0.188921382926647
"162","3,4-Dihydroxyphenylglycol","C05576",7,0.00683209784806943,0.188880066617412
"602","Glucosylceramide (d18:1/12:0)","C01190",47,0.00683137513629974,0.188855646363116
"313","Alpha-Lactose","C00243",4,0.00682918578008158,0.188781668550889
"32","1-Phosphatidyl-1D-myo-inositol 3-phosphate","C04549",3,0.00682712686390281,0.188712098275754
"744","LysoPC(14:0)","C04230",22,0.00682098363276146,0.188504519994946
"633","Heme","C00032",137,0.00681778993909496,0.18839660586548
"1020","Thiamine pyrophosphate","C00068",16,0.00681112405256042,0.188171367186507
"813","NAD","C00003",205,0.00680453285462073,0.187948652216923
"501","Diadenosine tetraphosphate","C01260",1,0.00680272108843537,0.187887433079741
"1009","Tetrahexosylceramide (d18:1/9Z-18:1)","C03272",43,0.00680172125102304,0.187853648817621
"245","5(S)-Hydroperoxyeicosatetraenoic acid","C05356",6,0.0067981762605281,0.187733864454068
"756","Melatonin","C01598",16,0.00679599675390671,0.187660219457312
"1065","Vasopressin","C00840",6,0.00679569954378005,0.187650176799676
"725","Leukotriene B4","C02165",7,0.00679476350161597,0.187618548163424
"712","L-Malic acid","C00149",4,0.00679385725373742,0.187587926268807
"562","Formiminoglutamic acid","C00439",2,0.00679275901868388,0.187550817174408
"822","Nicotinamide riboside","C03150",8,0.00678895708345886,0.187422350711142
"292","Adenosine triphosphate","C00002",912,0.0067867380892597,0.187347371438771
"541","dUDP","C01346",8,0.00678276149970991,0.1872130034485
"1038","Tridecanoyl-CoA","None",5,0.00678064455677268,0.187141472463361
"1002","Taurochenodesoxycholic acid","C05465",2,0.00677276056579185,0.186875074332466
"209","4a-Carboxy-4b-methyl-5a-cholesta-8,24-dien-3b-ol","C15808",11,0.00677216336494243,0.18685489506153
"1042","Tryptamine","C00398",5,0.00675931018309736,0.186420589184226
"375","Carnosine","C00386",6,0.00675556973885368,0.186294200486211
"509","Dihydrofolic acid","C00415",3,0.00675175250153311,0.186165216968871
"260","7-Methyluric acid","C16355",1,0.00675168792198049,0.186163034841551
"362","Butyric acid","C00246",15,0.00675050600985699,0.186123098319382
"278","Acetoacetyl-CoA","C00332",14,0.0067492430674009,0.186080423802053
"535","Donepezil","None",5,0.00674822165611454,0.186045910563996
"601","Glucosylceramide","C01190",46,0.00674654736548196,0.185989336692187
"719","Lactosylceramide (d18:1/12:0)","C01290",54,0.00673867313030319,0.185723268207462
"680","Isocitric acid","C00311",6,0.0067377483253391,0.185692019273454
"701","L-Cystine","C00491",6,0.00673667743061101,0.185655834001979
"745","LysoPC(18:1(9Z))","C04230",23,0.00672999010036778,0.185429870745323
"925","Pyridoxine","C00314",6,0.00672871172364581,0.185386674707918
"88","2-Ketobutyric acid","C00109",17,0.00672634706843089,0.185306773585377
"148","3-O-Sulfogalactosylceramide (d18:1/12:0)","C06125",45,0.00671520029828159,0.184930126942767
"632","Halofuginone","None",2,0.00671261798310979,0.184842871143411
"259","7-Methylguanine","C02242",1,0.00671140939597315,0.18480203327906
"467","D-Xylulose 1-phosphate","None",1,0.00671140939597315,0.18480203327906
"1053","Uridine","C00299",17,0.00670912251680615,0.184724760190195
"832","Octadecanol","D01924",5,0.0067060783536416,0.184621898659892
"661","Hyodeoxycholic acid","None",10,0.00670140754298842,0.184464073107986
"595","Gluconic acid","C00257",1,0.00668896321070234,0.184043582157487
"709","L-Gulonolactone","C01040",1,0.00668896321070234,0.184043582157487
"216","5-Aminoimidazole ribonucleotide","C03373",2,0.00668608037274316,0.183946171766498
"555","FAD","C00016",129,0.00668185420558236,0.18380337060967
"1029","Thyroxine","C01829",8,0.00668174516381934,0.183799686115112
"546","Entacapone","C07943",2,0.00667634252539913,0.183617132281585
"800","N-Palmitoylsphingosine","None",48,0.00667505939102639,0.183573775484321
"378","CDP-Ethanolamine","C00570",3,0.00667488241104308,0.183567795373882
"852","p-Octopamine","C04227",1,0.00666666666666667,0.183290187376726
"939","R-Methylmalonyl-CoA","C01213",1,0.00666666666666667,0.183290187376726
"1008","Tetrahexosylceramide (d18:1/12:0)","C03272",48,0.00666357314720268,0.183185658109113
"215","5-Amino-2-oxopentanoic acid","C01110",2,0.0066601819118896,0.183071069095626
"936","Quetiapine","C07397",9,0.00665927535468585,0.183040436748986
"344","Beta-Alanine","C00099",16,0.00664596742331144,0.182590764996083
"642","Histamine","C00388",10,0.0066407280529911,0.182413727951799
"946","Ribose 1-phosphate","C00620",5,0.00663427859724774,0.182195802416432
"850","Oxygen","C00007",162,0.0066340668614684,0.18218864791613
"1026","Thymidine","C00214",7,0.00663031419695905,0.182061846298319
"316","Aminopropylcadaverine","C16565",1,0.00662251655629139,0.18179836592343
"948","Risperidone","C06861",7,0.00662008284924005,0.181716131556191
"637","Heparan sulfate","C00925",12,0.00661566972317697,0.181567013103688
"881","Phosphoadenosine phosphosulfate","C00053",37,0.00661367834633996,0.181499724966426
"841","Ornithine","C00077",16,0.00661289136444701,0.181473133040352
"651","Hydrogen peroxide","C00027",46,0.00661155033843615,0.181427820098767
"851","Oxytocin","C00746",2,0.00660941257299897,0.181355585526436
"890","Phosphoric acid","C00009",585,0.00659652755130695,0.180920203788475
"507","Dihydroceramide","C12126",53,0.00659546961743095,0.180884456461029
"542","dUMP","C00365",6,0.00659154598062847,0.180751877731166
"572","Galactaric acid","C00879",6,0.00658789952885923,0.180628665015919
"628","Guanosine diphosphate mannose","C00096",8,0.00658389029400571,0.180493193948804
"161","3,4-Dihydroxyphenylacetaldehyde","C04043",7,0.00658125643102016,0.180404196361403
"189","4-Hydroxyphenylacetaldehyde","C03765",7,0.00658125643102016,0.180404196361403
"714","L-Palmitoylcarnitine","C02990",5,0.00656960084776039,0.180010357047983
"911","Prostaglandin E2","C00584",12,0.00656939513814261,0.180003406170209
"1001","Taurine","C00245",10,0.00656930721938137,0.180000435416726
"667","Iduronic acid","C06472",12,0.00656626533864997,0.179897651009283
"202","4,4-Dimethyl-5a-cholesta-8,24-dien-3-b-ol","C05108",2,0.0065514458819483,0.179396905184509
"574","Galactose 1-phosphate","C00446",1,0.00655021834061135,0.179355426862355
"384","Ceramide (d18:1/20:0)","C00195",56,0.00654773208468256,0.179271416881373
"665","Hypusine","None",1,0.0065359477124183,0.178873225818927
"1043","Tyramine","C00483",8,0.00652901500233982,0.178638971237531
"85","2-Hydroxyestradiol","C05301",2,0.00652890928197605,0.178635398972244
"277","Acetoacetic acid","C00164",9,0.00652719070521828,0.178577328683074
"536","Dopamine","C03758",23,0.006527004652705,0.178571042014062
"882","Phosphocreatine","C02305",3,0.00652686653037895,0.178566374894378
"824","Nicotinate D-ribonucleoside","C05841",7,0.00652194971566603,0.178400236925339
"331","Arecoline","C10129",1,0.00652173913043478,0.178393121301775
"382","Ceramide (d18:1/12:0)","C00195",54,0.00652105786277582,0.178370101433864
"58","15(S)-HPETE","C05966",30,0.00651778338529552,0.178259457639049
"441","D-Galactose","C00984",14,0.00651435433181243,0.178143590758828
"538","dTDP","C00363",16,0.00651229569284109,0.178074029850465
"381","Cer(d18:1/23:0)","None",50,0.00651188096134894,0.178060016174575
"174","3a,7a,12a-Trihydroxy-5b-cholestanoic acid","C04722",11,0.00650783641159028,0.177923351825434
"312","Alpha-ketoisovaleric acid","C00141",10,0.00650272062147045,0.177750490525962
"196","4-Nitrophenol","C00870",12,0.00650130844430713,0.177702773404302
"322","Androstenedione","C00280",39,0.00649648377362574,0.177539748959597
"883","Phosphoenolpyruvic acid","C00074",10,0.00649481687356617,0.177483424813446
"138","3-Mercaptopyruvic acid","C00957",5,0.00649481657782012,0.177483414820259
"866","PC(dm16:0/dm16:0)","None",38,0.00649221574385238,0.177395533275308
"561","Flavin Mononucleotide","C00061",25,0.00649148565441832,0.177370863731533
"30","1-Pentanol","C16834",31,0.00648969178905284,0.177310249458686
"288","Adenosine 3',5'-diphosphate","C00054",34,0.00647860550057707,0.176935646477062
"93","2-Methylacetoacetyl-CoA","C03344",7,0.00647779056816353,0.176908110109719
"296","Adenylylselenate","C05686",2,0.00647550739163117,0.176830962131975
"863","Parathion","C06604",26,0.00647365378030685,0.176768329057761
"768","Mevalonic acid-5P","C01107",2,0.0064709595959596,0.176677293226272
"398","Chondroitin","C00401",12,0.00646421758310215,0.176449482257428
"997","Sulfate","C00059",24,0.00646319972627403,0.176415089123647
"171","3a,7a-Dihydroxycoprostanic acid","None",12,0.00645334141504905,0.1760819791936
"370","Caproic acid","C01585",10,0.00644948512053431,0.175951675943202
"669","Inosine triphosphate","C00081",21,0.0064471585929487,0.17587306314395
"663","Hypotaurine","C00519",3,0.00644593680428704,0.17583177920329
"696","L-Alpha-aminobutyric acid","C02356",2,0.00644585074065587,0.175828871134199
"406","Citric acid","C00158",20,0.00642252933451337,0.175040846512999
"376","CDP","C00112",21,0.00641895412306928,0.174920040990951
"621","Glyoxylic acid","C00048",9,0.006417188140608,0.174860368874631
"11","(R)-3-Hydroxybutyric acid","C01089",2,0.00641399416909621,0.174752445356841
"133","3-Hydroxybutyric acid","C01089",2,0.00641399416909621,0.174752445356841
"36","1,2,3-Propanetricarboxylic acid","C19806",1,0.00641025641025641,0.174626147397967
"83","2-Hexaprenyl-6-methoxyphenol","C05802",1,0.00641025641025641,0.174626147397967
"448","D-Lactic acid","C00256",4,0.00640119071706255,0.174319819837727
"238","5,10-Methylene-THF","C00143",8,0.00640037160982648,0.17429214240415
"942","Retinal","C00376",16,0.00640016950903957,0.174285313467889
"92","2-Methyl-3-oxopropanoic acid","C00349",7,0.00639884226879281,0.174240466343908
"424","Cyclic GMP","C00942",43,0.00639814005652357,0.174216738762728
"930","Pyrophosphate","C00013",289,0.0063979610596208,0.174210690501074
"943","Retinyl ester","C02075",6,0.00639738239565857,0.174191137587032
"460","D-Tagatose 1,6-bisphosphate","C03785",2,0.00638736263736264,0.173852572399863
"1010","Tetrahydrobiopterin","C00272",10,0.00638591052426464,0.173803505852718
"810","N5-Formyl-THF","C03479",6,0.0063672782594914,0.173173926173846
"444","D-Glucurono-6,3-lactone","C02670",8,0.00636668824806291,0.173153989831689
"428","Cytidine","C00475",15,0.00636563253603553,0.173118317579965
"1056","Uridine diphosphate glucose","C00029",15,0.00636550232653353,0.173113917832675
"154","3-Oxooctanoyl-CoA","C05267",7,0.00635964144201513,0.172915879975339
"155","3-Oxotetradecanoyl-CoA","C05261",7,0.00635964144201513,0.172915879975339
"471","dCDP","C00705",10,0.00635309770824653,0.172694768808511
"636","Hemin","C06767",1,0.00634920634920635,0.172563280736358
"720","Lactosylceramide (d18:1/18:0)","C01290",49,0.00634771776138163,0.172512981717099
"530","Dolichol-20","C00381",16,0.00634296928745938,0.172352531942287
"917","Protoporphyrinogen IX","C01079",2,0.00634241173265361,0.17233369230149
"666","IDP","C00104",24,0.00634005150618567,0.172253940825229
"66","19-Hydroxyandrost-4-ene-3,17-dione","C05290",23,0.00633686772286638,0.172146361563977
"157","3-Sulfinoalanine","C00606",5,0.00633267836164199,0.172004804070756
"497","dGDP","C00361",12,0.00633186317788301,0.171977259210513
"77","2-Acetolactate","C00900",1,0.00632911392405063,0.171884362594562
"525","Docosa-4,7,10,13,16-pentaenoyl CoA","C16173",1,0.00632911392405063,0.171884362594562
"880","Phosphite","C05339",1,0.00632911392405063,0.171884362594562
"286","Adenosine","C00212",16,0.00632269160290037,0.171667353930473
"1059","Uridine diphosphate-N-acetylglucosamine","C00043",29,0.00632049199140622,0.171593029594973
"496","DG(22:6(4Z,7Z,10Z,13Z,16Z,19Z)/22:6(4Z,7Z,10Z,13Z,16Z,19Z)/0:0)","None",119,0.00631716257792277,0.17148052952602
"1067","Xanthosine","C01762",6,0.00631572041186123,0.171431799086809
"778","N-Acetyl-D-glucosaminyldiphosphodolichol","C04500",2,0.00631499301567593,0.171407220547252
"383","Ceramide (d18:1/16:0)","C00195",61,0.00631219831567338,0.171312788316305
"630","Guanosine triphosphate","C00044",484,0.00631001217087925,0.171238919017311
"1060","Uridine diphosphategalactose","C00052",12,0.00630676110368239,0.171129066250259
"318","Amylose","C00718",6,0.00630612917593873,0.171107713566044
"687","Keratan","C00573",11,0.00629833436366345,0.170844328761842
"706","L-Glutamic acid 5-phosphate","C03287",1,0.00628930817610063,0.170539336087232
"283","Acetylcysteine","C06809",3,0.00628805582805996,0.170497019552614
"494","DG(14:0/14:0/0:0)","C16667",113,0.00627632910792094,0.170100776541408
"495","DG(16:0/16:0/0:0)","C00165",114,0.00626524316248585,0.169726185151045
"443","D-Glucose","C00031",27,0.00626524012315896,0.169726082452931
"407","Citrulline","C00327",13,0.00626030686063756,0.169559388716458
"1055","Uridine 5'-monophosphate","C00105",24,0.0062530292074016,0.169313478589965
"901","Pregnenolone","C01953",9,0.00625014761667607,0.169216110342696
"218","5-Androstenediol","C04295",6,0.00624905549329076,0.169179207760075
"257","7-Dehydrocholesterol","C01164",5,0.00622619039916089,0.168406601810404
"308","All-trans-retinoic acid","C00777",52,0.00622436300442525,0.168344854588322
"870","PE(P-16:0e/16:0)","C04756",36,0.00621908538874676,0.168166525242722
"655","Hydroxycobalamin","C08230",9,0.00621739823904859,0.168109516866225
"15","(S)-3-Hydroxyhexadecanoyl-CoA","C05258",7,0.00621205224055507,0.167928876881995
"639","Heptadecanoyl CoA","None",135,0.00621078895397862,0.167886190736924
"531","Dolichyl b-D-glucosyl phosphate","C01246",5,0.00620367212371312,0.167645714779348
"894","Phytanoyl-CoA","C02060",3,0.00620115403673525,0.167560629234988
"67","19-Oxotestosterone","C05295",24,0.00620064342868764,0.16754337591369
"835","Okadaic acid","C01945",1,0.00619195046439629,0.167249642772089
"1012","Tetrahydrocortisone","None",1,0.00619195046439629,0.167249642772089
"282","Acetylcholine","C01996",3,0.00619056666058453,0.167202884379052
"868","PE(O-18:1(1Z)/20:4(5Z,8Z,11Z,14Z))","C00350",37,0.00618681620602767,0.167076157434998
"412","Coenzyme A","C00010",159,0.00618647465521449,0.167064616516387
"864","PC(16:0/16:0)","C00157",65,0.00618413146193396,0.166985440587371
"705","L-Glutamic acid","C00025",82,0.00618396433341288,0.166979793355437
"755","Melanin","C05606",2,0.00618325088998813,0.166955686276254
"400","Chondroitin sulfate","C00607",10,0.00618110582994598,0.166883205221002
"781","N-Acetyl-L-alanine","None",4,0.00618010632737759,0.166849432273178
"100","2,2,2-Trichloroethanol","C07490",23,0.00617820535575652,0.166785198906096
"654","Hydrogen sulfide","C00283",25,0.00616729622749933,0.166416582125017
"627","Guanosine diphosphate","C00035",185,0.00616472780337301,0.166329795700697
"333","Aripiprazole","C12564",26,0.00616049759288407,0.166186857920797
"854","PA(16:0e/18:0)","None",41,0.00615614911323953,0.166039923854997
"447","D-Lactaldehyde","C00937",2,0.00615544921271997,0.166016274387275
"152","3-Oxohexanoyl-CoA","C05269",8,0.00615016635544005,0.165837767929241
"590","GDP-glucose","C00394",2,0.00614835614835615,0.165776601473717
"242","5,6-Epoxy-8,11,14-eicosatrienoic acid","C14768",24,0.00614790664282202,0.165761412791435
"478","Deoxyadenosine monophosphate","C00360",8,0.00614749669066628,0.165747560608155
"463","D-Urobilinogen","C05791",1,0.00614439324116743,0.165642695807088
"972","Selenomethionine","C05335",7,0.00614025517934871,0.165502871708263
"652","Hydrogen phosphate","C01293",4,0.00613270713308552,0.165247825067379
"718","Lactosamine","C00203",21,0.00612769160898345,0.165078351732173
"860","Pantetheine","C00831",6,0.00612560928643745,0.165007990561603
"1052","Ureidosuccinic acid","C00438",3,0.00612215738009095,0.164891351488706
"98","2-Phospho-D-glyceric acid","C00631",6,0.0061183692012333,0.164763349849735
"825","Nicotinic acid adenine dinucleotide","C00857",6,0.00610695493612034,0.164377664617594
"399","Chondroitin 4-sulfate","C00634",9,0.00610423150298147,0.164285640476575
"816","NADPH","C00005",172,0.0060932343266586,0.163914048572847
"304","Agmatine","C00179",2,0.00608951720126309,0.16378844781302
"664","Hypothiocyanite","None",6,0.00607188220860016,0.163192565715338
"955","S-Adenosylmethionine","C00019",107,0.00606902332993327,0.163095964902987
"568","Fructose 6-phosphate","C00085",14,0.00606486732242831,0.162955534423805
"1070","Xanthylic acid","C00655",10,0.00606275187619533,0.162884054011937
"41","11-cis-Retinol","C00899",6,0.006062384881124,0.162871653338054
"1054","Uridine 5'-diphosphate","C00015",119,0.00606149919577269,0.162841726246213
"73","1D-myo-Inositol 3-phosphate","C04006",4,0.00606142003286405,0.162839051350853
"848","Oxoadipic acid","C00322",5,0.00606022339017341,0.162798617086416
"472","dCMP","C00239",8,0.00605243943576197,0.162535599166783
"662","Hyperforin","C07608",5,0.00604589563509984,0.162314485739639
"492","Dextrin","C00721",5,0.00604250037457949,0.162199760715381
"657","Hydroxymethylbilane","C01024",2,0.0060419171065698,0.1621800522317
"1058","Uridine diphosphate-N-acetylgalactosamine","C00203",28,0.00604124623444234,0.162157383626261
"493","DG(14:0/0:0/14:0)","None",103,0.0060412050488025,0.162155991973544
"224","5-Hydroxy-N-formylkynurenine","C05648",3,0.00603850204616733,0.162064658174258
"481","Deoxycytidine","C00881",8,0.00603797209840553,0.162046751368738
"855","PA(P-16:0e/18:2(9Z,12Z))","C15647",42,0.00603509345247669,0.161949482625431
"37","1,3-Diaminopropane","C00986",5,0.00602362254117527,0.161561883332408
"163","3,5-Diiodo-L-tyrosine","C01060",2,0.00601734925103009,0.161349910389605
"305","AICAR","C04677",2,0.00600988385079294,0.161097656337768
"693","L-3-Hydroxykynurenine","C03227",5,0.00600698127764435,0.160999579099545
"324","Androsterone","C00523",26,0.00600528319277656,0.160942201226336
"151","3-Oxodecanoyl-CoA","C05265",8,0.00599572074452186,0.160619088433839
"836","Olanzapine","C07322",14,0.00599085485410492,0.160454671184331
"464","D-Xylono-1,5-lactone","C02266",1,0.00598802395209581,0.160359015696418
"708","L-Glutamine","C00064",26,0.00598794936983468,0.160356495580019
"29","1-Methylnicotinamide","C02918",1,0.00597907324364723,0.160056573442655
"200","4-Pyridoxic acid","C00847",1,0.00597907324364723,0.160056573442655
"629","Guanosine monophosphate","C00144",163,0.00597827237858983,0.160029512407842
"867","PC(O-16:0/18:2(9Z,12Z))","None",61,0.00596890199355835,0.159712889384779
"237","5,10-Methenyltetrahydrofolic acid","C00445",7,0.00596867601574391,0.159705253649587
"76","2-(a-Hydroxyethyl)thiamine diphosphate","C05125",5,0.00595898599757431,0.159377830300803
"468","dADP","C00206",18,0.00595734503469994,0.159322382565809
"853","PA(16:0/16:0)","C00416",52,0.00595307670841663,0.159178156862521
"264","7a-Hydroxycholesterol","C03594",1,0.00595238095238095,0.159154647435897
"640","Heptanoic acid","C17714",8,0.00594338427426434,0.158850651878272
"255","7-a,27-Dihydroxycholesterol","C06341",2,0.00594061735366083,0.158757158306437
"839","Oleoyl-CoA","C00510",8,0.00594052200581922,0.158753936526142
"751","Malonic semialdehyde","C00222",2,0.00593457943925234,0.158553138652325
"254","7-a,25-Dihydroxycholesterol","C15520",1,0.00592885375494071,0.158359669176977
"547","Epiandrosterone","C07635",1,0.00592885375494071,0.158359669176977
"223","5-Hydroxy-L-tryptophan","C01017",5,0.00592175925125234,0.158119947628993
"219","5-b-Cholestane-3a ,7a ,12a-triol","C05454",2,0.00592083398926029,0.158088683252123
"1004","Testosterone","C00535",65,0.00591333082636057,0.157835153209134
"355","Bilirubin diglucuronide","C05787",17,0.00590696655806361,0.157620106136789
"742","LPA(18:0e/0:0)","None",23,0.00590379530805486,0.157512950373041
"210","4a-Hydroxytetrahydrobiopterin","C15522",4,0.00589570994517265,0.157239747934749
"994","Succinic acid","C00042",31,0.00589536290660501,0.157228021586255
"1036","Trichloroethanol glucuronide","C14869",16,0.00589212739036962,0.157118694282395
"20","(S)-Methylmalonic acid semialdehyde","C06002",14,0.00588759771686151,0.156965637720171
"865","PC(18:1(9Z)e/2:0)","C04598",65,0.00588718356526205,0.156951643638713
"815","NADP","C00006",176,0.00588679370066218,0.156938470209043
"143","3-Methyl-2-oxovaleric acid","C03465",5,0.00588309999222155,0.156813660702405
"580","Ganglioside GA1 (d18:1/12:0)","C06136",3,0.00588056948955551,0.156728155634971
"187","4-Hydroxy-L-proline","C01015",3,0.00587605387472936,0.15657557411218
"99","2-Phosphoglyceric acid","None",14,0.0058749150011722,0.156537091852663
"934","Pyruvic acid","C00022",49,0.00587434806629339,0.156517935261487
"430","Cytidine monophosphate N-acetylneuraminic acid","C00128",13,0.00586068295261045,0.15605619440556
"918","PS(16:0/16:0)","C02737",34,0.00585948970930274,0.156015875005443
"593","Geranylgeranyl-PP","C00353",5,0.00585537271575038,0.155876762798196
"469","Danazol","C06938",5,0.00585518996537819,0.155870587707726
"89","2-Methoxyestradiol","C05302",19,0.00585478722081915,0.155856979067379
"877","Phenylethylamine","C05332",7,0.00584922505503403,0.155669034843129
"660","Hydroxypyruvic acid","C00168",2,0.00584868093578895,0.155650649186648
"235","5-Phosphoribosylamine","C03090",2,0.00584866997338032,0.155650278769536
"840","OPC4-CoA","C16335",2,0.00584415584415584,0.155497747444863
"1005","Tetracosahexaenoyl CoA","C16168",2,0.00584415584415584,0.155497747444863
"117","27-Hydroxycholesterol","C06340",3,0.00584365074048199,0.15548068011501
"325","Angiotensin II","C02135",6,0.00584265131460866,0.155446909758693
"869","PE(P-16:0e/0:0)","None",27,0.00583831565901558,0.155300409014462
"167","3a,7a-Dihydroxy-5b-cholestan-26-al","C05445",13,0.00583464153178141,0.155176261152011
"1014","Tetrahydrofolyl-[Glu](2)","C03541",2,0.00583127082596724,0.155062365825282
"266","7a,12a-Dihydroxy-5a-cholestan-3-one","C05458",2,0.00582950779801174,0.15500279354099
"871","Pelargonic acid","C01601",7,0.00582718820533685,0.154924415070679
"599","Glucose 1-phosphate","C00103",13,0.00582581190726106,0.154877910294628
"470","Dantron","C10312",1,0.0058252427184466,0.154858677543517
"410","Cob(I)alamin","C00853",3,0.00582327018309027,0.154792026055289
"377","CDP-DG(16:0/16:0)","None",3,0.00581975927785276,0.154673393424265
"374","Carbonic acid","C01353",19,0.00580737152984729,0.154254814442797
"618","Glycocholic acid","C01921",4,0.00580567491986665,0.154197486405664
"354","Bilirubin","C00486",25,0.00579974155314717,0.153996999392446
"670","Inosinic acid","C00130",25,0.00579192024264225,0.153732719219532
"119","3 beta-Hydroxy-5-cholestenoate","C17333",2,0.0057892856345325,0.153643696454567
"521","Dimethylglycine","C01026",3,0.00578805223805839,0.153602020288757
"554","Etiocholanolone","C04373",19,0.00578420794602427,0.15347212259925
"957","S-Formylglutathione","C01031",2,0.00578374483255585,0.15345647410819
"729","Leukotriene F4","C06462",2,0.00578079951576678,0.153356952572789
"236","5-Thymidylic acid","C00364",10,0.00577346512231738,0.153109125208333
"411","Cob(II)alamin","C00541",3,0.00577303470428336,0.153094581488022
"51","12(S)-Leukotriene B4","C04853",2,0.00576923076923077,0.15296604745107
"317","Ammonia","C00014",69,0.00576544884731758,0.152838257232725
"435","D-Alanine","C00133",1,0.00576368876080692,0.152778784339137
"353","Betaine aldehyde","C00576",8,0.00576253953685301,0.15273995234224
"90","2-Methoxyestrone","C05299",18,0.00576155558389249,0.15270670481187
"616","Glycine","C00037",35,0.00575755972590439,0.152571685745773
"787","N-Acetyllactosamine","C00611",6,0.00575105764567114,0.152351982041737
"598","Glucosamine-1P","None",1,0.00574712643678161,0.152219147452901
"859","Palmityl-CoA","C00154",95,0.00574462290801881,0.152134553827074
"43","11,12-EpETrE","None",3,0.00573868666354216,0.151933969575143
"1049","Urea","C00086",9,0.00573799676729993,0.151910658149511
"122","3-beta-Hydroxy-4-beta-methyl-5-alpha-cholest-7-ene-4-alpha-carboxylate","C04840",2,0.00572793236281785,0.151570584378609
"364","Cadaverine","C01672",3,0.00572675215727649,0.151530705521435
"169","3a,7a-Dihydroxy-5b-cholestane","C05452",3,0.00572500043728464,0.151471515330475
"533","Dolichyl diphosphate","C00621",5,0.00572453186132426,0.151455682263145
"336","Asymmetric dimethylarginine","C03626",3,0.00572310999609258,0.151407637784019
"677","Iodide","C00708",4,0.0057229866923451,0.151403471380488
"165","3a,7a-Dihydroxy-5b-24-oxocholestanoyl-CoA","C05449",3,0.00571572434391723,0.151158078399725
"856","Palmitaldehyde","C00517",5,0.00570589927243407,0.150826091632441
"656","Hydroxykynurenine","C02794",5,0.00570486106520554,0.150791010863597
"429","Cytidine monophosphate","C00055",31,0.00570167095086099,0.150683217678547
"487","Deoxyuridine","C00526",5,0.00569876974924132,0.150585186783952
"723","Lathosterol","C01189",5,0.00568523292257209,0.150127780714906
"91","2-Methyl-3-hydroxybutyryl-CoA","C04405",6,0.00567999616152532,0.149950831837339
"691","L-2-Aminoadipate adenylate","C05560",3,0.00567616876932263,0.149821505189011
"792","N-Acetylserine","None",3,0.00567056685323664,0.149632217811797
"456","D-Ribose 5-phosphate","C00117",14,0.00565663268812315,0.149161385773703
"280","Acetyl-CoA","C00024",149,0.00565605478279661,0.149141858493776
"786","N-Acetylgalactosamine 4-sulphate","C16265",4,0.00565563303962574,0.149127607894972
"440","D-Fructose 2,6-bisphosphate","C00665",4,0.00565020758212545,0.148944283010298
"116","27-Deoxy-5b-cyprinol","C05446",1,0.00564971751412429,0.148927723732157
"253","7 alpha-Hydroxy-3-oxo-4-cholestenoate","C17337",1,0.00564971751412429,0.148927723732157
"498","dGTP","C00286",24,0.00564863434012784,0.148891123547201
"733","Lipoamide","C00248",5,0.00564771888282095,0.148860190468248
"732","Liothyronine","C02465",7,0.00564698500501893,0.148835392916445
"821","Niacinamide","C00153",34,0.00563447045340467,0.148412529271986
"647","Hyaluronic acid","C00518",24,0.00563343033034197,0.148377383767574
"641","Heptanoyl-CoA","None",94,0.00562445201693648,0.148074008749055
"695","L-Alanine","C00041",19,0.00561862885073528,0.147877245384451
"422","Crotonoyl-CoA","C00877",86,0.0056182701305216,0.147865124315988
"845","Oxalacetic acid","C00036",13,0.00561752108728103,0.147839814327718
"94","2-Methylbutyryl-CoA","C01033",84,0.00561219285923889,0.147659774802703
"758","Menadione","C05377",19,0.00560971044176374,0.147575894522133
"804","N'-Formylkynurenine","C02406",4,0.0056041453518298,0.147387851491608
"924","Pyridoxal 5'-phosphate","C00018",68,0.00560325148566228,0.147357647971985
"741","LPA(0:0/16:0)","C00416",34,0.0056018994284536,0.147311962288918
"363","Butyryl-CoA","C00136",90,0.00559824632422938,0.147188524788842
"589","GDP-4-Dehydro-6-deoxy-D-mannose","C01222",2,0.00558989046327002,0.146906182286547
"596","Gluconolactone","C00198",7,0.0055819365507552,0.146637421524085
"5","(2E)-Hexadecenoyl-CoA","C05272",91,0.00558022021072532,0.146579426813404
"992","Stearoyl-CoA","C00412",90,0.00557471115331343,0.146393277108123
"178","3Z-dodecenoyl-CoA","C02944",90,0.00556662616583793,0.146120087354733
"139","3-Methoxy-4-hydroxyphenylglycol glucuronide","C03033",16,0.00556592469521531,0.146096384833611
"545","Eicosanoyl-CoA","C02041",88,0.00556120842568802,0.145937023237445
"1051","Ureidopropionic acid","C02642",4,0.00555720056202544,0.145801598502537
"834","Octanoyl-CoA","C01944",89,0.00555380114881865,0.145686733160018
"905","Pristanoyl-CoA","C07297",90,0.00554637756198552,0.145435891972896
"172","3a,7a,12a-Trihydroxy-5b-24-oxocholestanoyl-CoA","C05467",5,0.00554499922619555,0.145389318342981
"4","(2E)-Dodecenoyl-CoA","C03221",91,0.00554334759107124,0.145333509995267
"646","Hyaluronan","None",13,0.00554286933547025,0.145317349855243
"208","4a-Carbinolamine tetrahydrobiopterin","C00268",5,0.00553624008728566,0.145093349177172
"534","Dolichyl phosphate D-mannose","C03862",7,0.0055236332989794,0.144667368877404
"626","Guanosine","C00387",5,0.00551700882413039,0.144443529489176
"477","Deoxyadenosine","C00559",6,0.00551578099898836,0.144402041577318
"908","Propionyl-CoA","C00100",98,0.00550242794705239,0.143950845211653
"506","Dihydrobiopterin","C02953",7,0.00549943778521261,0.143849808372934
"717","L-Tyrosine","C00082",16,0.0054947488186607,0.143691369337641
"457","D-Ribulose 5-phosphate","C00117",11,0.00549097397576102,0.143563818317435
"246","5a-Cholesta-8,24-dien-3-one","None",2,0.00548772338100367,0.143453981513999
"674","Inositol 1,4,5-trisphosphate","C01245",24,0.00548693300758304,0.143427274989032
"339","Azelaic acid","C08261",3,0.00548542945926742,0.143376470458438
"48","12-Keto-tetrahydro-leukotriene B4","C02165",3,0.00548281505728314,0.14328813045352
"27","1-Methylhistamine","C05127",3,0.00547971865587732,0.143183503805796
"489","Dephospho-CoA","C00882",3,0.00547961335195378,0.143179945611922
"393","Cholesterol","C00187",19,0.00547686248927336,0.143086994633389
"39","10-Formyltetrahydrofolate","C00234",8,0.00547347885575324,0.142972662482631
"311","Alpha-D-Glucose 1,6-bisphosphate","C01231",3,0.00547268282089542,0.142945764659084
"753","Mannitol","C00392",1,0.00546875,0.142812875600962
"702","L-Dopa","C00355",12,0.00546469559651025,0.142675878296653
"373","Carbon monoxide","C00237",5,0.00545564994793826,0.142370228039293
"1007","Tetradecanoyl-CoA","C02593",12,0.00545209700585343,0.142250174993459
"698","L-Aspartic acid","C00049",24,0.00545204823068549,0.142248526892439
"963","Sapropterin","C00272",6,0.00544478860141635,0.142003225791386
"166","3a,7a-Dihydroxy-5b-cholest-24-enoyl-CoA","C05447",3,0.0054419314876822,0.141906684615682
"817","Nandrolone","C07254",1,0.00544069640914037,0.141864951613215
"849","Oxoglutaric acid","C00026",55,0.00543791948069724,0.141771119878922
"609","Glyceraldehyde","C02154",12,0.0054374947553685,0.141756768513732
"842","Orotic acid","C00295",2,0.00543248945147679,0.14158764051694
"461","D-Tartaric acid","C02107",2,0.00542370755870458,0.141290902503676
"707","L-Glutamic gamma-semialdehyde","C01165",2,0.00542255841606854,0.14125207325449
"129","3-Hexaprenyl-4-hydroxy-5-methoxybenzoic acid","C05313",1,0.00542005420054201,0.141167456423085
"1057","Uridine diphosphate glucuronic acid","C00167",34,0.00542001383037442,0.141166092324976
"426","Cysteic acid","C00506",4,0.00541584795205249,0.141025328313297
"7","(3S)-3-Hydroxyadipyl-CoA","C14145",5,0.00541336074069282,0.14094128604854
"1071","Xylulose 5-phosphate","C00231",4,0.00541198458679351,0.140894786144178
"74","1D-Myo-inositol 3,4-bisphosphate","C04063",3,0.00540775732016372,0.14075194783656
"556","FADH","C01352",13,0.00540639786791609,0.140706012276932
"96","2-Oxo-3-hydroxy-4-phosphobutanoic acid","C06054",1,0.00540540540540541,0.140672477210939
"885","Phosphohydroxypyruvic acid","C03232",1,0.00540540540540541,0.140672477210939
"53","13-HETE","None",3,0.00539873452637379,0.140447069836708
"473","dCTP","C00458",22,0.00539377359169325,0.140279441064731
"929","Pyroglutamic acid","C01879",4,0.00539291914603967,0.140250569554652
"243","5'-Deoxyadenosine","C05198",1,0.00537634408602151,0.139690502322326
"805","N(6)-(Octanoyl)lysine","None",1,0.00537634408602151,0.139690502322326
"366","Calcidiol","C01561",3,0.00534317778434869,0.138569821084127
"367","Calcitriol","C01673",3,0.00534317778434869,0.138569821084127
"969","Selenocystathionine","C05699",3,0.00533637291959917,0.138339886365191
"232","5-Methylcytosine","C02376",4,0.00532884026517217,0.138085359810695
"479","Deoxyadenosine triphosphate","C00131",27,0.00532371636588662,0.137912224504492
"623","Guanidine","C17349",9,0.00531683448056327,0.137679687279166
"610","Glyceric acid","C00258",8,0.00531519681100045,0.137624350824365
"783","N-Acetyl-L-methionine","C02712",3,0.00530940863453179,0.137428769754284
"830","O-Phosphoethanolamine","C00346",8,0.00529262486688424,0.136861650342103
"225","5-Hydroxyindoleacetic acid","C05635",8,0.00528922759685565,0.136746857417052
"347","Beta-D-Fructose 6-phosphate","C05345",17,0.00528709978437501,0.136674959152694
"982","Spermidine","C00315",24,0.00528488634579964,0.136600167603494
"796","N-Methylputrescine","C02723",2,0.00527886995776904,0.136396875320437
"1031","Topaquinone","None",2,0.00527886995776904,0.136396875320437
"941","Reduced Vitamin K (phylloquinone)","C05850",1,0.00527704485488127,0.136335205539336
"1066","Vitamin K1 2,3-epoxide","C05849",1,0.00527704485488127,0.136335205539336
"983","Spermine","C00750",21,0.00527572963715173,0.136290764653277
"829","Norspermidine","C03375",16,0.00526836828700957,0.136042026428753
"960","S-Methylmalonyl-CoA","C00683",3,0.00524938455371215,0.135400570714236
"54","13-L-Hydroperoxylinoleic acid","C04717",2,0.00524008294749638,0.135086271710568
"591","GDP-L-fucose","C00325",8,0.00523317190865871,0.134852749395109
"191","4-Hydroxyphenylpyruvic acid","C01179",4,0.00521882409736212,0.134367940353452
"1030","Tiglyl-CoA","C03345",5,0.00521094135061996,0.134101584265077
"961","Saccharopine","C00449",3,0.00521077194943286,0.134095860240313
"767","Mevalonic acid","C00418",2,0.0052040677040677,0.133869325425816
"442","D-Glucosaminide","C06023",1,0.00519480519480519,0.133556347498655
"916","Protoporphyrin IX","C02191",4,0.00519079384336159,0.133420804912478
"1028","Thymidine 5'-triphosphate","C00459",32,0.00518638544310611,0.13327184614386
"134","3-Hydroxybutyryl-CoA","C03561",4,0.00518442244485336,0.133205516912034
"659","Hydroxypropionic acid","C01013",1,0.00518134715025907,0.133101603458319
"697","L-Asparagine","C00152",10,0.00517931249958601,0.1330328531087
"268","7a,12a-Dihydroxy-cholestene-3-one","C05457",4,0.00517863105267399,0.133009827183872
"922","Putrescine","C00134",20,0.0051755095126785,0.132904351109339
"439","D-Fructose","C02336",14,0.00517092155666984,0.132749325195648
"524","DL-Dopa","C00355",3,0.00517080063393863,0.132745239246075
"34","1-Pyrroline-5-carboxylic acid","C04322",3,0.00516554998728983,0.132567821177405
"1046","UDP-D-Xylose","C00190",6,0.00515314043827392,0.132148505545115
"453","D-Pantothenoyl-L-cysteine","C04079",3,0.00514938535222667,0.132021622104131
"401","Ciliatine","C03557",1,0.0051413881748072,0.131751399431101
"759","Mesoxalic acid","C00830",1,0.00513698630136986,0.131602661202075
"397","Choloyl-CoA","C01794",6,0.00513261724713657,0.131455031925943
"828","Norepinephrine","C00547",20,0.005129139059422,0.131337504812034
"799","N-Oleoylethanolamine","None",1,0.00512820512820513,0.131305947504172
"897","Pipecolic acid","C00408",1,0.00512820512820513,0.131305947504172
"679","Isobutanol","C14710",29,0.00511801034691309,0.130961468332686
"909","Propyl alcohol","C05979",29,0.00511801034691309,0.130961468332686
"954","S-Adenosylmethioninamine","C01137",3,0.00511426031518189,0.130834755675807
"613","Glycerol 3-phosphate","C00093",14,0.00510672579588772,0.130580166107904
"785","N-Acetylgalactosamine","C01074",12,0.00509865834199957,0.13030756881015
"597","Glucosamine 6-phosphate","C00352",11,0.00509075619828918,0.130040557302953
"811","N6-Acetyl-L-lysine","C02727",2,0.00509054973340688,0.130033580904975
"204","4,5-Dihydroorotic acid","C00337",2,0.00508604750391125,0.129881451669235
"770","Molybdopterin","C05924",5,0.00508532183751254,0.129856931578745
"772","Myo-inositol hexakisphosphate","C01204",6,0.00508296072803601,0.12977715026584
"310","Alpha-D-Glucose","C00267",24,0.0050671039669552,0.129241354179282
"192","4-Hydroxyproline","C01157",8,0.00506468851780391,0.12915973674203
"26","1-Butanol","C06142",30,0.00504811493655778,0.12859971947705
"594","Glucaric acid","C00818",11,0.00504070386640367,0.128349301225457
"764","Methylarsonate","C07294",3,0.00501549897830826,0.127497634208794
"81","2-Hexaprenyl-3-methyl-5-hydroxy-6-methoxy-1,4-benzoquinone","C05805",2,0.00501417456570879,0.127452882630325
"763","Methylamine","C00218",5,0.00500990831979812,0.127308727222321
"458","D-Sedoheptulose 7-phosphate","C00281",4,0.00500216131819925,0.127046957929205
"349","Beta-D-Glucose","C00221",15,0.00499279918422175,0.126730613707241
"345","Beta-Aminopropionitrile","C05670",3,0.00499152277160334,0.126687484036416
"643","Homo-L-arginine","C01924",1,0.00498753117206983,0.126552608862459
"475","Dehydroascorbic acid","C00425",4,0.00498509966173842,0.126470448721851
"176","3a,7a,12a,24-Tetrahydroxy-5b-cholestanoyl-CoA","C05450",3,0.00498055205189601,0.12631678609527
"927","Pyrimidine","C00396",2,0.00497349932207568,0.126078476076091
"684","Isopropyl alcohol","C01845",36,0.00497196542259044,0.126026645986883
"267","7a,12a-Dihydroxy-5b-cholestan-3-one","C05453",3,0.00496971754703242,0.125950690820446
"271","8,11,14-Eicosatrienoic acid","C03242",5,0.00496738816489992,0.125871981566751
"731","Linoleoyl-CoA","C02050",5,0.00496738816489992,0.125871981566751
"427","Cysteinylglycine","C01419",6,0.00495101365832154,0.125318690986203
"932","Pyrroline hydroxycarboxylic acid","C04281",2,0.00494981751824818,0.125278273705081
"86","2-Hydroxyphytanoyl-CoA","C07343",2,0.00493949755328515,0.124929564607907
"121","3-Aminopropionaldehyde","C05665",11,0.00492737284337173,0.124519873619366
"893","Phosphoserine","C01005",2,0.00492492492492493,0.124437159052544
"128","3-Deoxy-D-glycero-D-galacto-2-nonulosonic acid","None",6,0.00490322744297568,0.123704006433462
"713","L-Octanoylcarnitine","C02838",1,0.00490196078431373,0.123661206346444
"956","S-aminomethyldihydrolipoamide","None",1,0.00490196078431373,0.123661206346444
"309","Allysine","C01475",2,0.00489206765098136,0.123326919785887
"754","Mannose 6-phosphate","C00275",14,0.00488979891532504,0.12325025976182
"17","(S)-3-Hydroxyisobutyryl-CoA","C06000",4,0.00488740254452004,0.123169286977232
"715","L-Serine","C00065",18,0.00488553245782362,0.123106097204216
"250","6-Hydroxyhexanoic acid","C06103",2,0.00488294314381271,0.123018604915794
"197","4-OH-Retinal","None",2,0.0048657463592233,0.122437529761958
"31","1-Phenylethylamine","C02455",5,0.00486284949626871,0.122339645469797
"734","Lipoyl-GMP","None",2,0.00485810225303293,0.122179237279581
"945","Riboflavin reduced","C01007",1,0.00485436893203883,0.12205308927443
"342","Benzoyl-CoA","C00512",2,0.00485374615121451,0.122032045662386
"60","16a-Hydroxyestrone","C05300",3,0.00483863564288843,0.121521465274264
"314","Aminoacetone","C01888",5,0.00482632891193936,0.121105623839356
"486","Deoxyribose 5-phosphate","C00673",2,0.00482076888726505,0.120917751962718
"256","7-Aminomethyl-7-carbaguanine","C16675",1,0.00481927710843374,0.120867345120125
"726","Leukotriene C4","C02166",5,0.00481569308363565,0.120746241796997
"144","3-Methylcrotonyl-CoA","C03069",7,0.0048148150717422,0.120716573989425
"87","2-Keto-glutaramic acid","C00940",2,0.00480802252901985,0.12048705562878
"765","Methylmalonic acid","C02170",7,0.00480259551441888,0.120303678130054
"170","3a,7a-Dihydroxy-5b-cholestanoyl-CoA","C04644",4,0.00479849456646937,0.120165108099811
"142","3-Methyl-1-hydroxybutyl-ThPP","C15974",2,0.00479821141939922,0.120155540629422
"950","S-(3-Methylbutanoyl)-dihydrolipoamide-E","C05119",2,0.00479821141939922,0.120155540629422
"213","4a-Methylzymosterol-4-carboxylic acid","C15808",3,0.00479613868176126,0.120085503330556
"141","3-Methoxytyramine","C05587",2,0.00479492044956941,0.120044339562142
"206","4,6-Dihydroxyquinoline","C05639",2,0.00479492044956941,0.120044339562142
"130","3-Hydroxy-2,6-dimethyl-5-methylene-heptanoyl-CoA","C11947",3,0.0047894210092737,0.119858514816869
"600","Glucose 6-phosphate","C00092",19,0.00478228421080467,0.119617364138571
"221","5-Diphosphoinositol pentakisphosphate","C11526",4,0.00477363894188696,0.119325242612003
"1033","Trans-2-all-cis-6,9,12,15,18,21-tetracosaheptaenoyl-CoA","C16374",3,0.00476984788911394,0.119197143864134
"710","L-Kynurenine","C00328",8,0.00475171987413056,0.118584602662583
"760","Methacrylyl-CoA","C03460",6,0.00474405755121944,0.118325694641658
"970","Selenocysteine","C05688",17,0.00473659744002876,0.11807361930541
"933","Pyruvaldehyde","C00546",9,0.00473647199815732,0.118069380655192
"761","Methionine sulfoxide","None",2,0.00473182624113475,0.117912401659349
"690","L-2-Amino-3-oxobutanoic acid","C03508",2,0.00473038484486873,0.11786369723134
"452","D-Myo-inositol 4-phosphate","C03546",2,0.00472535505430242,0.11769374183579
"704","L-Fucose","C01019",4,0.00472165194380678,0.117568614636008
"780","N-Acetyl-glucosamine 1-phosphate","C04256",2,0.00471858166857531,0.117464870785338
"135","3-hydroxyoctadecanoyl-CoA","C16217",1,0.00471698113207547,0.117410789047672
"404","cis,cis-3,6-Dodecadienoyl-CoA","C05280",3,0.00471602817695251,0.117378588926667
"229","5-L-Glutamyl-taurine","C05844",5,0.0047126171002073,0.117263329476032
"239","5,6-Dihydrouridine","None",2,0.00470970889575541,0.117165061957445
"510","Dihydrolipoamide","C00579",3,0.00468734041236876,0.116409236363573
"777","N-Acetyl-D-Glucosamine 6-Phosphate","C00357",6,0.0046817241994248,0.116219465899018
"559","Fe3+","C14819",5,0.00467806159877749,0.116095707517124
"244","5'-Methylthioadenosine","C00170",2,0.00467737849672493,0.116072625665501
"672","Inositol 1,3,4,5-tetraphosphate","C01272",8,0.00467235082965855,0.115902742022496
"199","4-Phosphopantothenoylcysteine","C04352",4,0.00466589753507032,0.115684686773498
"434","D-4'-Phosphopantothenate","C03492",4,0.00466589753507032,0.115684686773498
"668","Indoleacetaldehyde","C00637",8,0.00465361703205297,0.115269731574001
"809","N4-Acetylaminobutanal","C05936",8,0.00465361703205297,0.115269731574001
"878","Phenylpyruvic acid","C00166",5,0.0046489929271788,0.115113484198968
"508","Dihydrocortisol","C05471",2,0.00462971756348649,0.11446217436459
"988","Squalene","C00751",5,0.00462555777599589,0.114321616160616
"181","4-Aminobutyraldehyde","C00555",6,0.00460651589288082,0.113678195577954
"201","4-Trimethylammoniobutanal","C01149",6,0.00460651589288082,0.113678195577954
"226","5-Hydroxykynurenamine","C05638",3,0.00458550252193516,0.112968158902704
"749","LysoSM(d18:1)","C03640",10,0.00456434401935621,0.112253218264988
"776","N-Acetyl-b-D-galactosamine","C05021",4,0.00456287704295661,0.112203649490509
"750","Maleylacetoacetic acid","C01036",2,0.00456200582605077,0.11217421128391
"499","DHAP(18:0)","C03805",1,0.00455927051671732,0.112081785849175
"699","L-Canaline","C08270",1,0.00455580865603645,0.111964810421749
"177","3a,7b,12a-Trihydroxyoxocholanyl-Glycine","None",3,0.00455110722967866,0.111805950372657
"263","7a-Hydroxy-cholestene-3-one","C05455",2,0.00452775430733625,0.111016860826755
"465","D-Xylose","C00181",5,0.00452301283285856,0.110856647561466
"390","Chitobiose","C01674",3,0.0045200151001488,0.110755354904899
"891","Phosphoroselenoic acid","C05172",3,0.00451944749955871,0.110736175819501
"689","Kynurenic acid","C01717",2,0.004488798880932,0.109700566476906
"484","Deoxyinosine","C05512",2,0.00448492474286749,0.109569660297317
"451","D-Mannose 1-phosphate","C00636",4,0.00447310603630765,0.109170309087404
"1027","Thymidine 3',5'-cyclic monophosphate","C00364",5,0.00446589427723481,0.108926625508599
"414","Coniferyl alcohol","C00590",1,0.00446428571428571,0.108872272559172
"394","Cholesterol sulfate","C18043",2,0.00445499189360652,0.108558236626884
"272","8(S)-HPETE","C14823",1,0.00443786982248521,0.107979686022898
"903","Pristanal","None",2,0.00442732560085133,0.107623399347553
"953","S-Acetyldihydrolipoamide-E","C16255",6,0.00442616769533543,0.107584274002796
"515","Dihydroxyacetone","C00184",5,0.00442247777745365,0.107459592578216
"61","16b-Hydroxyestrone","C05300",4,0.00441762026528935,0.10729545842782
"686","Itaconic acid","C00490",2,0.00439714822814175,0.106603713289475
"967","Se-Methylselenocysteine","C05689",7,0.00439015416318438,0.106367385541697
"1006","Tetracosatetraenoyl CoA","C16171",1,0.00438072481083234,0.106048770027265
"150","3-Oxodecanoic acid","None",2,0.00436901164288894,0.10565298494144
"485","Deoxyribose 1-phosphate","C00672",3,0.00436724846232895,0.105593407500681
"519","Dimethylamine","C00543",3,0.00436620427632112,0.105558124710344
"114","24-Methylenelophenol","C11522",1,0.00434782608695652,0.104937130177515
"212","4a-Methylfecosterol","C15776",1,0.00434782608695652,0.104937130177515
"315","Aminoadipic acid","C00956",5,0.00434687773218181,0.104905085501155
"97","2-Oxo-4-methylthiobutanoic acid","C01180",4,0.0043372989269044,0.104581420008853
"500","Diadenosine hexaphosphate","C20190",2,0.00433554817275747,0.104522262453557
"581","Ganglioside GA2 (d18:1/12:0)","C06135",10,0.00431408769402337,0.103797118115266
"658","Hydroxyphenylacetylglycine","C05596",4,0.00430618756511614,0.103530174687777
"454","D-Proline","C00763",2,0.00429427375893453,0.103127610084856
"737","Lithocholic acid glycine conjugate","C15557",4,0.00429052340471513,0.10300088653118
"71","1D-Myo-inositol 1,4-bisphosphate","C01220",6,0.00428451057737322,0.102797714562924
"188","4-Hydroxybutyric acid","C00989",1,0.00428265524625268,0.102735023377216
"49","12(R)-HPETE","C14812",1,0.00427960057061341,0.102631806632959
"1025","Thromboxane B2","C05963",1,0.00423131170662906,0.101000137705411
"334","Arsenic","C06269",2,0.00420689655172414,0.100175155580494
"789","N-Acetylneuraminic acid","C19910",9,0.00420441621154922,0.100091345491392
"14","(S)-3-Hydroxybutyric acid","C03197",2,0.00418214394965695,0.0993387711983289
"779","N-Acetyl-D-mannosamine 6-phosphate","C04257",6,0.00416519365164455,0.0987660247657667
"921","Purine","C15587",2,0.00409137889477619,0.0962718421481004
"252","6-Phosphonoglucono-D-lactone","C01236",3,0.00407655223900526,0.0957708530685329
"147","3-Methylindole","C08313",1,0.00407331975560081,0.0956616282432905
"195","4-Nitrocatechol","C02235",1,0.00405679513184584,0.095103265239987
"620","Glycylproline","None",1,0.00405679513184584,0.095103265239987
"898","Poly-N-acetyllactosamine","None",3,0.00403981856261396,0.0945296311093311
"762","Methyl beta-D-glucopyranoside","None",1,0.00403225806451613,0.0942741637239931
"513","Dihydropteridine","C05649",2,0.00402937834767083,0.09417685879468
"115","25-Hydroxycholesterol","C15519",3,0.00402787969638291,0.0941262197334563
"971","Selenohomocysteine","C05698",4,0.00401428212237342,0.0936667610266102
"103","2,5-Diaminopyrimidine nucleoside triphosphate","C05923",1,0.004,0.0931841715976331
"350","Beta-D-Glucose 6-phosphate","C01172",9,0.00399522443518502,0.0930228064281683
"907","Propinol adenylate","C05983",4,0.00398997657486685,0.0928454825089302
"801","N-Sulfo-D-glucosamine","C01075",1,0.00398406374501992,0.0926456894316226
"136","3-Hydroxyquinine","C07344",1,0.00397614314115308,0.0923780541602456
"617","Glycineamideribotide","C03838",1,0.00396039603960396,0.0918459634424981
"302","Aflatoxin B1","C06800",3,0.00395584626365139,0.0916922276235828
"920","Pterin","C00715",1,0.00395256916996047,0.0915814954276493
"526","Docosahexaenoic acid","C06429",4,0.00395230929601494,0.0915727143504605
"782","N-Acetyl-L-aspartic acid","C01042",7,0.00393727629563,0.0910647529367508
"198","4-Oxoretinal","None",1,0.00390625,0.0900163819803994
"788","N-Acetylmannosamine","C00645",7,0.00390472604065351,0.0899648877660537
"109","20alpha-Hydroxycholesterol","C05500",2,0.00388788973355298,0.0893959930585806
"514","Dihydrouracil","C00429",1,0.00385356454720617,0.0882361533901107
"352","Betaine","C00719",4,0.00384414523034804,0.0879178769725683
"194","4-Methylpentanal","C02373",1,0.00383877159309021,0.0877363030812388
"564","Formylanthranilic acid","C05653",2,0.00380070265091025,0.0864499628169536
"1063","Uroporphyrinogen III","C01051",1,0.00377358490566038,0.0855336608239366
"403","cis-Aconitic acid","C00417",2,0.00376755790141617,0.0853300098216131
"276","9(S)-HPODE","C14827",2,0.00376298779886505,0.0851755871718945
"56","15-Keto-prostaglandin F2a","C05960",1,0.0037593984962406,0.0850543055123014
"981","Sorbitol-6-phosphate","C00644",3,0.00375695253494913,0.0849716570772799
"227","5-Hydroxykynurenine","C05651",2,0.00373349834983498,0.0841791458870369
"466","D-Xylulose","C00310",1,0.00373134328358209,0.0841063267243663
"803","N,N'-Diacetylchitobiosyldiphosphodolichol","C04537",2,0.00371610863433718,0.0835915516448975
"251","6-Phosphogluconic acid","C00345",4,0.00367149687438349,0.0820841311650274
"912","Prostaglandin F2a","C00639",3,0.00365987170091293,0.0816913193909624
"228","5-Hydroxylysine","C16741",3,0.00363509743731459,0.0808542030709469
"527","Docosanoyl-CoA","None",4,0.00363486262191002,0.080846268715741
"766","Methylmalonyl-CoA","C00683",4,0.00362799805890594,0.0806143168073551
"285","Adenine","C00147",4,0.00362753528711808,0.0805986798615981
"735","Lithium","C15473",6,0.00362433522987276,0.0804905507083576
"2","(13E)-11a-Hydroxy-9,15-dioxoprost-13-enoic acid","C04654",1,0.0036101083032491,0.0800098263302929
"190","4-Hydroxyphenylacetyl-CoA","C05338",1,0.00357142857142857,0.0787028476331361
"512","Dihydroneopterin triphosphate","C04895",6,0.00355261572699345,0.0780671662115659
"75","2-(3-Carboxy-3-(methylammonio)propyl)-L-histidine","C04692",1,0.00350877192982456,0.0765856950067476
"738","Lithocholyltaurine","C02592",1,0.00350877192982456,0.0765856950067476
"183","4-Fumarylacetoacetic acid","C01061",2,0.00350813223724918,0.0765640799507636
"168","3a,7a-Dihydroxy-5b-cholestanate","None",7,0.0034955162280067,0.0761377880778115
"876","Phenylacetyl-CoA","C00582",2,0.00347490347490347,0.0754412881816728
"346","Beta-D-Fructose 2-phosphate","C03267",4,0.00347384932051345,0.0754056685621348
"261","7,8-Dihydroneopterin","C04874",5,0.00346313887239214,0.0750437651343524
"125","3-Dehydroquinate","C00944",2,0.00345622119815668,0.0748100186104218
"812","N6-Methyladenosine","None",1,0.00344827586206897,0.0745415476433381
"959","S-Lactoylglutathione","C03451",1,0.00344827586206897,0.0745415476433381
"13","(R)-lipoic acid","C00725",6,0.0034459160125493,0.0744618089040673
"1035","Trehalose","C01083",1,0.00343053173241852,0.0739419778334873
"179","4-(2-Amino-3-hydroxyphenyl)-2,4-dioxobutanoic acid","C05645",4,0.00342087002870129,0.0736155112231381
"790","N-Acetylneuraminic acid 9-phosphate","C06241",2,0.0034088866924252,0.0732105972152955
"10","(N-acetylneuraminosyl(a2-6)lactosamine)","C04886",2,0.0034082337713131,0.0731885351702847
"402","Cinnavalininate","C05640",1,0.00337837837837838,0.0721797287302095
"685","Isovalerylsarcosine","None",1,0.00337837837837838,0.0721797287302095
"25","1-(sn-Glycero-3-phospho)-1D-myo-inositol","C01225",2,0.00336586158770017,0.0717567894283267
"952","S-Acetyldihydrolipoamide","C01136",2,0.00333690009115048,0.0707781875289169
"159","3-trans,5-cis-Octadienoyl-CoA","None",1,0.0033112582781457,0.0699117569262118
"307","All-trans-13,14-dihydroretinol","C15492",1,0.00327868852459016,0.0688112329032884
"1015","Tetrahydropteridine","C05650",2,0.00325690979646789,0.0680753349958504
"1050","Ureidoisobutyric acid","C05100",2,0.00322886560693642,0.0671277286766875
"180","4-(2-Aminophenyl)-2,4-dioxobutanoic acid","C01252",5,0.0032018123020308,0.0662136041071743
"724","Leukotriene A4","C00909",2,0.00319683157930522,0.0660453067019858
"21","(S)-Propane-1,2-diol","C02917",1,0.00316455696202532,0.0649547552617781
"573","Galactitol","C01697",2,0.00316455696202532,0.0649547552617781
"320","Androstanediol","C07632",1,0.00315457413249211,0.0646174378884886
"40","11-cis-Retinaldehyde","C02110",1,0.00314465408805031,0.0642822420081128
"455","D-Ribose","C00121",1,0.0031055900621118,0.0629622781065089
"433","D-2-Hydroxyglutaric acid","C01087",2,0.00310102052139889,0.0628078744411661
"459","D-Serine","C00740",3,0.00309922226804467,0.0627471118992499
"46","11b-PGF2a","C05959",1,0.00309597523219814,0.0626373953505413
"808","N1,N12-Diacetylspermine","C03413",1,0.00308166409861325,0.06215382563981
"297","Adipate semialdehyde","C06102",1,0.00307692307692308,0.061993627674101
"392","Cholestenone","C00599",1,0.00306748466257669,0.0616747059570915
"569","Fucose 1-phosphate","C02985",2,0.00306726552114006,0.0616673012214365
"653","Hydrogen selenide","C01528",6,0.00305979809006167,0.0614149785479696
"185","4-Hydroxy-2-oxoglutaric acid","C01127",1,0.00305810397553517,0.0613577348316233
"1022","Thiocysteine","C01962",1,0.00305810397553517,0.0613577348316233
"303","Aflatoxin B1 dialcohol","None",2,0.00302114803625378,0.0601090026636157
"361","Butanal","C01412",1,0.00302114803625378,0.0601090026636157
"523","Disialosyl galactosyl globoside","None",1,0.003003003003003,0.0594958864189633
"416","Coproporphyrinogen III","C03263",2,0.00298811403873327,0.0589927919504298
"8","(E)-2-Methylglutaconic acid","None",2,0.0029570649843817,0.0579436519824315
"145","3-Methylglutaconyl-CoA","C03231",3,0.00295466082537934,0.0578624160365559
"211","4a-Methyl-5a-cholesta-8,24-dien-3-one","None",1,0.00293255131964809,0.0571153412344479
"436","D-Aspartic acid","C00402",1,0.00293255131964809,0.0571153412344479
"291","Adenosine tetraphosphate","C03483",2,0.0028799502384408,0.0553379635394749
"539","dTDP-D-galactose","C02097",1,0.0028735632183908,0.0551221476909474
"540","dTDP-D-glucose","C00842",2,0.00286535303776683,0.0548447276916275
"904","Pristanic acid","None",1,0.00286532951289398,0.054843932791916
"205","4,6-Dideoxy-4-oxo-dTDP-D-glucose","C11907",1,0.00285714285714286,0.0545673076923077
"671","Inositol 1,3,4-trisphosphate","C01243",6,0.0028555852354044,0.0545146760339538
"323","Androstenol","None",1,0.00284090909090909,0.0540187726936525
"819","Neolactotetraose","None",1,0.00278551532033426,0.0521470307065979
"175","3a,7a,12a-Trihydroxy-5b-cholestanoyl-CoA","C05448",3,0.00277644577170278,0.0518405728720611
"359","Biotinyl-5'-AMP","C05921",1,0.00275482093663912,0.0511098749735113
"673","Inositol 1,3,4,5,6-pentakisphosphate","C01284",4,0.00274616876396251,0.0508175201706158
"889","Phosphoribosylformylglycineamidine","C04640",2,0.00272758217525788,0.0501894838749537
"769","Molybdate","C06232",1,0.00271739130434783,0.0498451368343195
"730","Lewis X trisaccharide","None",1,0.00269541778975741,0.0491026571396673
"979","Solanesyl-PP","C17438",1,0.00269541778975741,0.0491026571396673
"520","Dimethylarsinate","C07308",1,0.00266666666666667,0.0481311637080868
"391","Chloroacetic acid","C06755",3,0.00266406109792817,0.0480431221763877
"273","8Z,11Z,14Z-eicosatrienoyl-CoA","None",1,0.00263157894736842,0.0469455582373092
"721","Lactosylcermide (d18:1/20:0)","C01290",1,0.00261780104712042,0.0464800063508783
"120","3-Aminoisobutanoic acid","C05145",1,0.00260416666666667,0.0460193039632643
"127","3-Dehydroxycarnitine","C05543",1,0.00258397932816537,0.0453371787226886
"70","1D-Myo-inositol 1,3,4,6-tetrakisphosphate","C04477",1,0.00241545893719807,0.0396429158448389
"72","1D-Myo-inositol 1,4,5,6-tetrakisphosphate","C11555",1,0.00240384615384615,0.0392505227298589
"287","Adenosine 2',3'-cyclic phosphate","C02353",1,0.00237529691211401,0.0382858508201099
"158","3-Sulfinylpyruvic acid","C05527",1,0.00232558139534884,0.0366059756433191
"186","4-Hydroxy-L-glutamic acid","C03079",1,0.00232558139534884,0.0366059756433191
"327","Aniline","C00292",27,0.00228454010430075,0.0352192004362792
"415","Coproporphyrin III","C05770",1,0.00220264317180617,0.0324519230769231
"968","Selenite","C05684",3,0.00218175699950728,0.0317461844128999
"511","Dihydroneopterin phosphate","C05925",1,0.00215982721382289,0.0310051823073089
"692","L-2-Hydroxyglutaric acid","C03196",1,0.00215982721382289,0.0310051823073089
"343","Beta-1,4-D-Mannosylchitobiosyldiphosphodolichol","C05860",1,0.0021551724137931,0.0308478977504591
"728","Leukotriene E4","C05952",1,0.00205761316872428,0.0275513946721212
"326","Angiotensin IV","C15849",1,0.00195121951219512,0.0239563789868668
"279","Acetyl adenylate","C05993",3,0.00191860822227145,0.0228544514602023
"222","5-Formiminotetrahydrofolic acid","C00664",1,0.00184842883548983,0.0204831071104354
"784","N-Acetylarylamine","C07565",2,0.00183706681664942,0.0200991872670916
"55","14,15-DiHETrE","C14775",1,0.0018018018018018,0.0189075910229756
"560","Ferrocytochrome","C05183",2,0.00160963257659587,0.0124142398084773
"445","D-Glutamine","C00819",1,0.00149476831091181,0.00853300430740928
"365","Caffeic acid","C01481",1,0.00148367952522255,0.0081583169455516
"329","Apelin-13","None",1,0.00124223602484472,0
