"","Metabolite","KEGG_ID","Gene_Count","Structural_Score","Normalized_Score"
"999","Sumatriptan","C07319",9,0.00720484279247082,1
"420","Cortisone","C00762",3,0.00699608610567515,0.971025504260297
"806","N1-Acetylspermidine","C00612",3,0.00584795321637427,0.811669787227762
"973","Sepiapterin","C00835",3,0.00542562965082679,0.75305316258901
"910","Prostaglandin D2","C00696",3,0.00510446971700608,0.708477598198303
"592","Geranyl-PP","C00341",3,0.00460885706709096,0.63968877598652
"791","N-Acetylputrescine","C02714",4,0.0043859649122807,0.608752340420822
"1013","Tetrahydrodeoxycorticosterone","C13713",3,0.00412796697626419,0.572943379219597
"518","Dimethylallylpyrophosphate","C00235",5,0.00364637150897704,0.506100079350456
"265","7a-Hydroxydehydroepiandrosterone","C18045",3,0.00342465753424658,0.475327169917628
"1072","Zolpidem","C07219",7,0.00323584649076252,0.449121040384674
"419","Cortisol","C00735",5,0.00320053926126556,0.444220554626144
"247","5a-Pregnane-3,20-dione","C03681",5,0.00309597523219814,0.429707534414698
"1032","trans-1,2-Dihydrobenzene-1,2-diol","C04221",5,0.00309597523219814,0.429707534414698
"691","L-2-Aminoadipate adenylate","C05560",3,0.00307950876378152,0.427422062144042
"914","Prostaglandin H2","C00427",8,0.00303164815660046,0.420779223631165
"409","Clopidogrel","None",5,0.00302228623012581,0.419479830050441
"711","L-Lactic acid","C00186",3,0.00301204819277108,0.418058836192612
"593","Geranylgeranyl-PP","C00353",5,0.00299577140485206,0.415799690727837
"683","Isopentenyl pyrophosphate","C00129",7,0.00296258902986366,0.411194125284678
"372","Carbamoyl phosphate","C00169",3,0.0028742038553503,0.398926657824359
"856","Palmitaldehyde","C00517",5,0.0028735632183908,0.398837740275711
"509","Dihydrofolic acid","C00415",3,0.00284749392060048,0.39521943817791
"739","Loperamide","C07080",10,0.00281498066287049,0.390706743221683
"84","2-Hydroxybutyric acid","C05984",4,0.00275019528013823,0.381714821454846
"33","1-Phosphatidyl-D-myo-inositol","C01194",22,0.00271807937915766,0.37725727784069
"176","3a,7a,12a,24-Tetrahydroxy-5b-cholestanoyl-CoA","C05450",3,0.00271605929827282,0.376976899636332
"798","N-Methyltyramine","C02442",5,0.00270588374213442,0.375564577892263
"565","Fructosamine","None",3,0.00270476491172679,0.37540928922881
"949","Rosiglitazone","None",3,0.0026806762308884,0.372065887917741
"44","11b-Hydroxyandrost-4-ene-3,17-dione","C05284",7,0.00266820587514324,0.370335058237712
"960","S-Methylmalonyl-CoA","C00683",3,0.00262942811802747,0.364952878746398
"736","Lithocholic acid","C03990",13,0.00261395926315546,0.362805870780011
"321","Androstanedione","C00674",6,0.00257997936016512,0.358089612012248
"928","Pyrocatechol","C00090",6,0.00257997936016512,0.358089612012248
"550","Escitalopram","None",3,0.00253317267569781,0.351593053264814
"130","3-Hydroxy-2,6-dimethyl-5-methylene-heptanoyl-CoA","C11947",3,0.00253255115180999,0.351506788525149
"688","Ketoleucine","C00233",4,0.002484976350673,0.344903618614669
"337","Atorvastatin","C06834",15,0.00246416635964484,0.342015284805372
"1069","Xanthurenic acid","C02470",4,0.00244073509198064,0.338763129506622
"822","Nicotinamide riboside","C03150",8,0.00238697763883342,0.331301835111218
"557","Farnesyl pyrophosphate","C00448",9,0.0023743823141829,0.329553660305283
"15","(S)-3-Hydroxyhexadecanoyl-CoA","C05258",7,0.00236923389089526,0.328839082147795
"111","21-Hydroxypregnenolone","C05485",4,0.00235443004660381,0.326784374679796
"615","Glycerylphosphorylethanolamine","C01233",6,0.00234741784037559,0.325811111774524
"826","Nicotinic acid mononucleotide","C01185",9,0.00232852241191247,0.323188510698084
"966","Se-Adenosylselenomethionine","C05691",8,0.00232408873123908,0.322573135623138
"535","Donepezil","None",5,0.00228503055070859,0.31715203461434
"747","LysoPC(P-18:0)","C04230",7,0.0022795951740405,0.316397628609289
"104","2'-Deoxyguanosine 5'-monophosphate","C00362",7,0.00222614998417602,0.308979674962844
"936","Quetiapine","C07397",9,0.00217475266477566,0.301845956590242
"418","Corticosterone","C02140",8,0.00216586091648366,0.300611821641275
"1000","Superoxide","C00704",3,0.00216450216450216,0.300423232934951
"275","9-cis-Retinoic acid","C15493",3,0.00216294384760907,0.300206945510232
"60","16a-Hydroxyestrone","C05300",3,0.00213846565089548,0.296809481135413
"680","Isocitric acid","C00311",6,0.00212632725105997,0.295124725452999
"373","Carbon monoxide","C00237",5,0.00212408876950477,0.294814034211056
"105","2'-Deoxyinosine triphosphate","C01345",5,0.00209475762228559,0.290743001981201
"366","Calcidiol","C01561",3,0.00208531653451464,0.289432621166118
"367","Calcitriol","C01673",3,0.00208531653451464,0.289432621166118
"760","Methacrylyl-CoA","C03460",6,0.00205368447074361,0.285042231995643
"542","dUMP","C00365",6,0.00205296355373757,0.284942171935098
"825","Nicotinic acid adenine dinucleotide","C00857",6,0.00204350825554987,0.283629818777637
"758","Menadione","C05377",19,0.00203575785508333,0.282554097809147
"916","Protoporphyrin IX","C02191",4,0.00201958797703479,0.280309790956895
"954","S-Adenosylmethioninamine","C01137",3,0.00201449957176806,0.279603543032645
"143","3-Methyl-2-oxovaleric acid","C03465",5,0.0019879810805384,0.275922894891735
"1030","Tiglyl-CoA","C03345",5,0.00198249365404896,0.275161264603954
"144","3-Methylcrotonyl-CoA","C03069",7,0.00197789844732328,0.274523470434388
"480","Deoxycholic acid","C04483",10,0.00196094979216519,0.272171072797649
"146","3-Methylhistidine","C01152",6,0.00195588782594896,0.271468494495521
"7","(3S)-3-Hydroxyadipyl-CoA","C14145",5,0.00194147161935603,0.269467589408738
"231","5-Methoxytryptamine","C05659",7,0.00193277410152459,0.268260412780188
"64","17a,21-Dihydroxypreg-nenolone","C05487",6,0.00190096529283197,0.263845492204008
"17","(S)-3-Hydroxyisobutyryl-CoA","C06000",4,0.00189941336385749,0.263630091393862
"134","3-Hydroxybutyryl-CoA","C03561",4,0.00189941336385749,0.263630091393862
"965","Se-Adenosylselenohomocysteine","C05692",8,0.00189575999022517,0.263123019451066
"63","17a-Hydroxypregnenolone","C05138",6,0.00188951766382673,0.262256612427589
"43","11,12-EpETrE","None",3,0.00188512211633599,0.261646530068078
"478","Deoxyadenosine monophosphate","C00360",8,0.0018674779059936,0.259197592478373
"468","dADP","C00206",18,0.00186469780781947,0.25881172726879
"687","Keratan","C00573",11,0.00185946515010628,0.258085457749258
"315","Aminoadipic acid","C00956",5,0.00184770525826891,0.256453237286425
"837","Oleamide","C19670",3,0.00184585492227979,0.256196418915447
"47","11b,17a,21-Trihydroxypreg-nenolone","C05489",4,0.00183930219026009,0.25528692897813
"380","Celecoxib","C07589",4,0.00183385078684025,0.254530298531517
"386","Chenodeoxycholic acid","C02528",13,0.00182791893658057,0.253706984209395
"497","dGDP","C00361",12,0.00182612523103241,0.253458025890688
"1052","Ureidosuccinic acid","C00438",3,0.00182575415884079,0.253406522727843
"652","Hydrogen phosphate","C01293",4,0.00182481751824818,0.253276521196984
"829","Norspermidine","C03375",16,0.00182379837370834,0.253135068486746
"948","Risperidone","C06861",7,0.00182262798066808,0.252972623160182
"62","17-Hydroxyprogesterone","C01176",8,0.00181272087364874,0.251597560954843
"175","3a,7a,12a-Trihydroxy-5b-cholestanoyl-CoA","C05448",3,0.00181026219682355,0.251256307592901
"138","3-Mercaptopyruvic acid","C00957",5,0.00180722891566265,0.250835301715568
"488","Deoxyuridine triphosphate","C00460",8,0.00180525525996024,0.250561367119177
"102","2,3-Epoxyaflatoxin B1","C19586",10,0.00180095322952466,0.249964264509239
"823","Nicotinamide ribotide","C00455",8,0.00178721367638745,0.248057275899915
"16","(S)-3-Hydroxyisobutyric acid","C06001",4,0.00178139201738787,0.247249255632538
"348","Beta-D-Galactose","C00962",7,0.00177937098461975,0.246968745311032
"93","2-Methylacetoacetyl-CoA","C03344",7,0.00177496420016114,0.246357103310569
"1064","Valdecoxib","None",3,0.00176644328290741,0.24517443805344
"325","Angiotensin II","C02135",6,0.00174113663175488,0.241661987902692
"980","Sorbitol","C00794",8,0.00173756258561938,0.241165926262147
"664","Hypothiocyanite","None",6,0.00173603149124818,0.240953417201881
"417","Cortexolone","C05488",6,0.00173296007026962,0.240527117688201
"938","Quinone","C00472",5,0.00173160173160173,0.240338586347961
"975","Sertraline","C07246",6,0.00172513049156798,0.239440407134319
"91","2-Methyl-3-hydroxybutyryl-CoA","C04405",6,0.00171917412662963,0.23861369028429
"886","Phosphoribosyl formamidocarboxamide","C04734",3,0.00171821305841924,0.238480298309188
"166","3a,7a-Dihydroxy-5b-cholest-24-enoyl-CoA","C05447",3,0.0017090099528549,0.237202948361461
"298","ADP","C00008",696,0.00170798842380732,0.237061164692198
"648","Hydrochloric acid","C01327",12,0.00170344664392283,0.236430785929564
"776","N-Acetyl-b-D-galactosamine","C05021",4,0.00169997556285128,0.235949015380014
"356","Biliverdin","C00500",4,0.00165919479606188,0.230288827092212
"974","Serotonin","C00780",23,0.00164600607132883,0.228458291005174
"374","Carbonic acid","C01353",19,0.00164438542926429,0.228233353125025
"107","20-Hydroxyeicosatetraenoic acid","C14748",7,0.00164311890142539,0.228057564717786
"521","Dimethylglycine","C01026",3,0.00164203612479475,0.227907280157549
"818","Naphthalene epoxide","None",11,0.00163723020865878,0.227240240462944
"922","Putrescine","C00134",20,0.00162460161287396,0.225487447772169
"165","3a,7a-Dihydroxy-5b-24-oxocholestanoyl-CoA","C05449",3,0.00160903198189935,0.223326452532845
"61","16b-Hydroxyestrone","C05300",4,0.00160384923817161,0.222607110851559
"925","Pyridoxine","C00314",6,0.0016030163691662,0.222491512353521
"333","Aripiprazole","C12564",26,0.00159834038086352,0.221842506061869
"1037","Trichloroethylene","C06790",10,0.00158117300974444,0.219459751626613
"596","Gluconolactone","C00198",7,0.00157128525483554,0.218087375407769
"172","3a,7a,12a-Trihydroxy-5b-24-oxocholestanoyl-CoA","C05467",5,0.00156964879639036,0.21786024228463
"901","Pregnenolone","C01953",9,0.00156409244559529,0.21708904561107
"151","3-Oxodecanoyl-CoA","C05265",8,0.001553093675141,0.215562465396748
"733","Lipoamide","C00248",5,0.00155068944482551,0.215228768967174
"983","Spermine","C00750",21,0.00154723963130853,0.214749950259209
"982","Spermidine","C00315",24,0.00153947178040495,0.213671807247997
"887","Phosphoribosyl pyrophosphate","C00119",6,0.0015331472126622,0.212793985493253
"106","20-Hydroxy-leukotriene B4","C04853",5,0.00152965355255432,0.212309081074306
"612","Glycerol","C00116",40,0.00152898110230742,0.212215747983457
"1048","Uracil","C00106",6,0.00151752937073867,0.210626298789546
"740","Loratadine","C06818",4,0.00150305410994796,0.20861719724387
"756","Melatonin","C01598",16,0.00150155617462721,0.208409290511704
"824","Nicotinate D-ribonucleoside","C05841",7,0.00149111606466553,0.206960249878563
"162","3,4-Dihydroxyphenylglycol","C05576",7,0.00148622852467957,0.206281881158144
"242","5,6-Epoxy-8,11,14-eicosatrienoic acid","C14768",24,0.00148275667510359,0.20580000394361
"810","N5-Formyl-THF","C03479",6,0.00147928558907168,0.205318232705584
"446","D-Glyceraldehyde 3-phosphate","C00661",11,0.00147455416754438,0.204661532529941
"66","19-Hydroxyandrost-4-ene-3,17-dione","C05290",23,0.00146888514785584,0.203874697917191
"773","Myoinositol","C00137",3,0.00146842878120411,0.20381135626424
"883","Phosphoenolpyruvic acid","C00074",10,0.00146682306184631,0.203588489589136
"88","2-Ketobutyric acid","C00109",17,0.00146058454265965,0.20272261098965
"743","LysoPC(10:0)","None",11,0.00145065147438941,0.201343945478639
"312","Alpha-ketoisovaleric acid","C00141",10,0.00145040079667946,0.201309152532121
"942","Retinal","C00376",16,0.00143458106186503,0.19911344399689
"292","Adenosine triphosphate","C00002",912,0.00143367431586089,0.198987591701391
"406","Citric acid","C00158",20,0.00143349902589425,0.198963262236933
"218","5-Androstenediol","C04295",6,0.00143249060701279,0.198823298200172
"807","N1-Acetylspermine","C02567",25,0.001422911622561,0.197493777941688
"1020","Thiamine pyrophosphate","C00068",16,0.00141797770578818,0.196808972330387
"619","Glycolic acid","C00160",6,0.0014163358037874,0.196581083666044
"322","Androstenedione","C00280",39,0.0014127363153709,0.196081490750531
"746","LysoPC(O-18:0)","C04317",20,0.00141185092726714,0.195958602836212
"67","19-Oxotestosterone","C05295",24,0.00140768160002851,0.195379918837308
"182","4-Coumaryl alcohol","C02646",4,0.00140449438202247,0.194937547213409
"238","5,10-Methylene-THF","C00143",8,0.00140430219031227,0.194910871862435
"132","3-Hydroxyanthranilic acid","C00632",7,0.00139470576684608,0.193578931146641
"319","Anandamide","C11695",4,0.00139321887532566,0.193372557244636
"221","5-Diphosphoinositol pentakisphosphate","C11526",4,0.00138888888888889,0.192771574466594
"225","5-Hydroxyindoleacetic acid","C05635",8,0.0013851741633187,0.192255987148843
"404","cis,cis-3,6-Dodecadienoyl-CoA","C05280",3,0.00138312586445367,0.191971692414865
"145","3-Methylglutaconyl-CoA","C03231",3,0.00137931034482759,0.191442115332341
"1038","Tridecanoyl-CoA","None",5,0.00137335377954176,0.190615370674977
"335","Aspirin","C01405",9,0.00136818707573925,0.189898255263672
"570","Fumaric acid","C00122",10,0.00136562612279275,0.189542806432896
"654","Hydrogen sulfide","C00283",25,0.00135137433602737,0.187564722083815
"1065","Vasopressin","C00840",6,0.00134770889487871,0.187055975223649
"76","2-(a-Hydroxyethyl)thiamine diphosphate","C05125",5,0.00134123532653545,0.186157472851047
"421","Creatine","C00300",8,0.00133962529042833,0.185934007030418
"661","Hyodeoxycholic acid","None",10,0.00133671168173313,0.18552961115682
"923","Pyridoxal","C00250",4,0.00133154648385822,0.18481270476154
"503","dIDP","C01344",4,0.00132978723404255,0.184568528744611
"559","Fe3+","C14819",5,0.00132735583684951,0.18423106167377
"628","Guanosine diphosphate mannose","C00096",8,0.00132649327253279,0.184111341599153
"561","Flavin Mononucleotide","C00061",25,0.00131818562822379,0.182958277674194
"816","NADPH","C00005",172,0.00131169116842023,0.182056875660211
"863","Parathion","C06604",26,0.00129939840002632,0.180350694311361
"424","Cyclic GMP","C00942",43,0.0012933903149891,0.179516798942611
"669","Inosine triphosphate","C00081",21,0.00129125455750883,0.179220365343462
"154","3-Oxooctanoyl-CoA","C05267",7,0.00128235336272272,0.177984919263304
"155","3-Oxotetradecanoyl-CoA","C05261",7,0.00128235336272272,0.177984919263304
"362","Butyric acid","C00246",15,0.00127813924596151,0.177400018678713
"770","Molybdopterin","C05924",5,0.00127721453174758,0.177271672475948
"946","Ribose 1-phosphate","C00620",5,0.001276076116821,0.177113665568737
"578","Gamma-Aminobutyric acid","C00334",36,0.00127397197126323,0.17682161956324
"68","1b-Hydroxycholic acid","None",9,0.00126433836075053,0.175484517451482
"476","Dehydroepiandrosterone","C01227",9,0.00126202024006786,0.175162772654344
"389","Chitin","C00461",5,0.00126050420168067,0.174952353297413
"306","Aldosterone","C01780",12,0.00125952635572033,0.174816632645552
"912","Prostaglandin F2a","C00639",3,0.0012531328320802,0.173929240120235
"988","Squalene","C00751",5,0.00125088134367608,0.173616743585755
"642","Histamine","C00388",10,0.0012464063059495,0.172995628336542
"993","Substance P","None",4,0.001243096961563,0.1725363061165
"528","Dodecanoic acid","C02679",9,0.00124101642599387,0.172247537071975
"702","L-Dopa","C00355",12,0.00123458525051494,0.171354918639599
"352","Betaine","C00719",4,0.00123152709359606,0.170930460118162
"92","2-Methyl-3-oxopropanoic acid","C00349",7,0.00123147662578047,0.170923455410766
"712","L-Malic acid","C00149",4,0.00122984104884557,0.170696444637318
"836","Olanzapine","C07322",14,0.00121499179559093,0.168635434608042
"45","11b-Hydroxyprogesterone","C05498",5,0.00120733091330559,0.167572138363279
"110","21-Deoxycortisol","C05497",5,0.00120733091330559,0.167572138363279
"353","Betaine aldehyde","C00576",8,0.00120341353687024,0.167028424010559
"611","Glyceric acid 1,3-biphosphate","C00236",9,0.00120213457562893,0.166850909902598
"815","NADP","C00006",176,0.00120180684897041,0.166805422906148
"906","Progesterone","C00410",34,0.00119917827183628,0.166440588140166
"813","NAD","C00003",205,0.00117808654256617,0.163513150321238
"981","Sorbitol-6-phosphate","C00644",3,0.00117651231037937,0.163294653924836
"58","15(S)-HPETE","C05966",30,0.00117649774729371,0.16329263263359
"1049","Urea","C00086",9,0.00117035742035742,0.162440382679892
"814","NADH","C00004",166,0.00116475921224725,0.161663376397948
"919","Pseudouridine","C02067",10,0.00115719804609242,0.16061392030673
"1067","Xanthosine","C01762",6,0.00114946657566723,0.159540826743429
"453","D-Pantothenoyl-L-cysteine","C04079",3,0.00114220892252929,0.158533496903349
"27","1-Methylhistamine","C05127",3,0.00114155251141553,0.158442389972543
"387","Chenodeoxyglycocholic acid","C05462",10,0.00113790452467548,0.157936065706334
"170","3a,7a-Dihydroxy-5b-cholestanoyl-CoA","C04644",4,0.00112983579889177,0.156816162605583
"625","Guanine","C00242",7,0.00112871441272026,0.15666051921352
"277","Acetoacetic acid","C00164",9,0.00112734634063795,0.156470636918829
"152","3-Oxohexanoyl-CoA","C05269",8,0.00112205919238238,0.155736804355391
"775","N-(o)-Hydroxyarginine","C05933",4,0.00112198954073083,0.155727137017248
"548","Epinephrine","C00788",8,0.00111904439593833,0.155318364074197
"405","Citicoline","C00307",7,0.00111524129220153,0.154790510261651
"498","dGTP","C00286",24,0.00111387440182661,0.154600791982669
"364","Cadaverine","C01672",3,0.0011037527593819,0.153195953218485
"282","Acetylcholine","C01996",3,0.00109659802107344,0.15220290749708
"725","Leukotriene B4","C02165",7,0.00109260968039594,0.151649343624504
"278","Acetoacetyl-CoA","C00332",14,0.00108900471539629,0.151148990583711
"614","Glycerophosphocholine","C00670",13,0.00108342361863489,0.15037435928055
"376","CDP","C00112",21,0.00108277033510453,0.150283686444351
"20","(S)-Methylmalonic acid semialdehyde","C06002",14,0.00108051794508383,0.149971064769516
"479","Deoxyadenosine triphosphate","C00131",27,0.00107830717244924,0.149664219401995
"821","Niacinamide","C00153",34,0.00107291479933817,0.148915782098588
"638","Heparin","C00374",21,0.00106659502978673,0.148038626311366
"609","Glyceraldehyde","C02154",12,0.0010648546943803,0.14779707552996
"450","D-Mannose","C00159",45,0.0010553086867537,0.146472132307525
"633","Heme","C00032",137,0.00105359591431204,0.146234407142522
"441","D-Galactose","C00984",14,0.00104547299815191,0.145106982659558
"629","Guanosine monophosphate","C00144",163,0.00103553892284418,0.143728177376241
"251","6-Phosphogluconic acid","C00345",4,0.0010351966873706,0.143680676621064
"174","3a,7a,12a-Trihydroxy-5b-cholestanoic acid","C04722",11,0.00103445865879589,0.143578241551213
"209","4a-Carboxy-4b-methyl-5a-cholesta-8,24-dien-3b-ol","C15808",11,0.00103445865879589,0.143578241551213
"567","Fructose 1,6-bisphosphate","C00354",8,0.00103292426438031,0.143365274459525
"169","3a,7a-Dihydroxy-5b-cholestane","C05452",3,0.00103199174406605,0.143235844804899
"267","7a,12a-Dihydroxy-5b-cholestan-3-one","C05453",3,0.00103199174406605,0.143235844804899
"968","Selenite","C05684",3,0.00102722136620442,0.142573737664045
"440","D-Fructose 2,6-bisphosphate","C00665",4,0.00102583506758319,0.14238132560716
"330","Arachidonic acid","C00219",99,0.00102299090754336,0.141986568896743
"997","Sulfate","C00059",24,0.00101826601143989,0.141330774420781
"308","All-trans-retinoic acid","C00777",52,0.0010171058504352,0.141169749255055
"745","LysoPC(18:1(9Z))","C04230",23,0.00101234832906367,0.140509426537605
"896","PIP3(16:0/16:0)","C00626",71,0.0010043324317041,0.139396855786172
"666","IDP","C00104",24,0.00100115925978779,0.138956433696794
"911","Prostaglandin E2","C00584",12,0.00100073217312994,0.138897155976216
"781","N-Acetyl-L-alanine","None",4,0.001,0.138795533615947
"879","Phosphatidylinositol-3,4,5-trisphosphate","C05981",70,0.000993835317374402,0.137939903201355
"237","5,10-Methenyltetrahydrofolic acid","C00445",7,0.000991243181687256,0.137580126345452
"676","Inositol phosphate","C01177",5,0.000990252560354285,0.137442632528931
"623","Guanidine","C17349",9,0.000986666558700457,0.13694491151584
"576","Galactosylglycerol","C05401",5,0.00098484554064774,0.136692162343489
"423","Cyclic AMP","C00575",143,0.000975444794769113,0.135387380802877
"360","Bradykinin","C00306",11,0.000971262395074175,0.134806882405423
"187","4-Hydroxy-L-proline","C01015",3,0.000960614793467819,0.133329042858739
"838","Oleic acid","C00712",8,0.000959850152647142,0.133222914128009
"783","N-Acetyl-L-methionine","C02712",3,0.000957854406130268,0.132945913425237
"280","Acetyl-CoA","C00024",149,0.000955251702611764,0.132584669801542
"451","D-Mannose 1-phosphate","C00636",4,0.000954198473282443,0.132438486274759
"744","LysoPC(14:0)","C04230",22,0.000950906607936865,0.131981590067528
"171","3a,7a-Dihydroxycoprostanic acid","None",12,0.000948253770562898,0.131613388088612
"772","Myo-inositol hexakisphosphate","C01204",6,0.000925925925925926,0.128514382977729
"850","Oxygen","C00007",162,0.000922827454417475,0.12808432897132
"1004","Testosterone","C00535",65,0.000920986764144377,0.127828849382643
"1058","Uridine diphosphate-N-acetylgalactosamine","C00203",28,0.000918449843179081,0.127476736083524
"845","Oxalacetic acid","C00036",13,0.000904644710480598,0.125560645323999
"718","Lactosamine","C00203",21,0.000901372190975177,0.125106434232975
"556","FADH","C01352",13,0.000900201971994321,0.12494401306508
"742","LPA(18:0e/0:0)","None",23,0.000896985562061395,0.124497589732112
"568","Fructose 6-phosphate","C00085",14,0.000894026604461948,0.12408689963315
"717","L-Tyrosine","C00082",16,0.000892187683560395,0.123831665625341
"482","Deoxyguanosine","C00330",6,0.00089204476366579,0.123811828982305
"860","Pantetheine","C00831",6,0.000891617281777465,0.123752496405504
"630","Guanosine triphosphate","C00044",484,0.000891073582172931,0.123677033328766
"167","3a,7a-Dihydroxy-5b-cholestan-26-al","C05445",13,0.000889349559365466,0.123437746663237
"764","Methylarsonate","C07294",3,0.000888888888888889,0.12337380765862
"422","Crotonoyl-CoA","C00877",86,0.000879565118921554,0.122079710030691
"324","Androsterone","C00523",26,0.000879130223598285,0.122019348502231
"841","Ornithine","C00077",16,0.000878093612557509,0.121875471519674
"551","Ethanolamine","C00189",14,0.000874202978637721,0.121335468908673
"1051","Ureidopropionic acid","C02642",4,0.000874125874125874,0.121324767146807
"955","S-Adenosylmethionine","C00019",107,0.000873659810795409,0.121260079638156
"715","L-Serine","C00065",18,0.00087255886079479,0.121107272695336
"126","3-Dehydrosphinganine","C02934",32,0.000870476468284382,0.120818245915656
"544","Ecgonine methyl ester","C12448",4,0.000869565217391304,0.120691768361693
"160","3,4-Dihydroxymandelaldehyde","C05577",12,0.000866966639396418,0.12033109734225
"677","Iodide","C00708",4,0.000865051903114187,0.120065340498224
"274","9-cis-Retinal","C16681",9,0.000863557858376511,0.119857973761613
"26","1-Butanol","C06142",30,0.00086285572803823,0.119760521206643
"606","Glucosylsphingosine","C03108",30,0.000860913143047457,0.119490899086254
"288","Adenosine 3',5'-diphosphate","C00054",34,0.00085973059578243,0.119326766807579
"378","CDP-Ethanolamine","C00570",3,0.000856898029134533,0.118933619208181
"774","Myristic acid","C06424",55,0.000856803251050879,0.118920464433485
"563","Formyl-CoA","C00798",10,0.000856783061535171,0.118917662218879
"199","4-Phosphopantothenoylcysteine","C04352",4,0.000856656691896966,0.118900122677512
"434","D-4'-Phosphopantothenate","C03492",4,0.000856656691896966,0.118900122677512
"582","Ganglioside GD2 (d18:1/12:0)","None",28,0.000855775808915453,0.118777860054039
"149","3-O-Sulfogalactosylceramide (d18:1/24:0)","C06125",54,0.000855606827260027,0.118754406155003
"71","1D-Myo-inositol 1,4-bisphosphate","C01220",6,0.000848354428114259,0.11774780554557
"671","Inositol 1,3,4-trisphosphate","C01243",6,0.000848354428114259,0.11774780554557
"604","Glucosylceramide (d18:1/20:0)","C01190",49,0.000845232434169058,0.11731448673
"332","Argininosuccinic acid","C03406",5,0.000844257623254488,0.117179187328938
"347","Beta-D-Fructose 6-phosphate","C05345",17,0.000837619477067931,0.116257842286754
"972","Selenomethionine","C05335",7,0.000836257853318943,0.116068854991929
"74","1D-Myo-inositol 3,4-bisphosphate","C04063",3,0.000835421888053467,0.115952826746823
"641","Heptanoyl-CoA","None",94,0.00083361693118725,0.115702306795423
"4","(2E)-Dodecenoyl-CoA","C03221",91,0.000831237365134655,0.115372033655379
"5","(2E)-Hexadecenoyl-CoA","C05272",91,0.000831237365134655,0.115372033655379
"577","Galactosylsphingosine","C01747",32,0.000830610115523534,0.115284974210893
"363","Butyryl-CoA","C00136",90,0.000828440052803108,0.114983779197631
"656","Hydroxykynurenine","C02794",5,0.000828189300411523,0.114948975885635
"536","Dopamine","C03758",23,0.000826485882139237,0.114712549037562
"584","Ganglioside GD3 (d18:1/24:1(15Z))","C06133",29,0.000826266298263196,0.114682071776314
"605","Glucosylceramide (d18:1/24:0)","None",46,0.000825323839021943,0.114551262643013
"627","Guanosine diphosphate","C00035",185,0.000821312846735869,0.113994554828338
"602","Glucosylceramide (d18:1/12:0)","C01190",47,0.00081880506286459,0.11364648562773
"1060","Uridine diphosphategalactose","C00052",12,0.000816970954478563,0.113391919575582
"94","2-Methylbutyryl-CoA","C01033",84,0.000810058890140758,0.112432555917429
"934","Pyruvic acid","C00022",49,0.000809767500571987,0.112392112346741
"178","3Z-dodecenoyl-CoA","C02944",90,0.000802159159613163,0.111336108603429
"603","Glucosylceramide (d18:1/16:0)","C01190",48,0.000801746624054911,0.111278850510486
"882","Phosphocreatine","C02305",3,0.000799360511590727,0.110947668757752
"583","Ganglioside GD3 (d18:1/12:0)","C06133",30,0.000798724088321089,0.110859336050437
"861","Pantetheine 4'-phosphate","C01134",9,0.000797975530005855,0.110755439499631
"990","Stearic acid","C01530",58,0.00079583854229325,0.110458835149729
"1046","UDP-D-Xylose","C00190",6,0.000793650793650794,0.110155185409482
"871","Pelargonic acid","C01601",7,0.000791510502485821,0.109858122555146
"872","Pentadecanoic acid","C16537",50,0.000791333209320722,0.10983351505569
"908","Propionyl-CoA","C00100",98,0.000789703643606408,0.109607338612809
"857","Palmitic acid","C00249",69,0.000789580770954526,0.109590284437525
"407","Citrulline","C00327",13,0.00078921255435175,0.109539177617656
"679","Isobutanol","C14710",29,0.000788431855341143,0.109430820081885
"909","Propyl alcohol","C05979",29,0.000788431855341143,0.109430820081885
"411","Cob(II)alamin","C00541",3,0.00078679084890265,0.109203055717588
"608","Glutaryl-CoA","C00527",5,0.000786450531738008,0.109155821215122
"848","Oxoadipic acid","C00322",5,0.000786450531738008,0.109155821215122
"639","Heptadecanoyl CoA","None",135,0.000785656441642672,0.109045605056601
"471","dCDP","C00705",10,0.000784440146142274,0.108876788673589
"834","Octanoyl-CoA","C01944",89,0.000782909367414924,0.108664323423278
"961","Saccharopine","C00449",3,0.000777000777000777,0.107844237463829
"545","Eicosanoyl-CoA","C02041",88,0.000773238031497996,0.107321985193909
"895","Phytosphingosine","C12144",31,0.000772958795149441,0.107283228435906
"859","Palmityl-CoA","C00154",95,0.000770864549137824,0.106992556443201
"494","DG(14:0/14:0/0:0)","C16667",113,0.000769474055481021,0.106799562134115
"495","DG(16:0/16:0/0:0)","C00165",114,0.000762724283064521,0.105862723869781
"496","DG(22:6(4Z,7Z,10Z,13Z,16Z,19Z)/22:6(4Z,7Z,10Z,13Z,16Z,19Z)/0:0)","None",119,0.000758657042587457,0.105298209057423
"6","(3a,5b,7a)-23-Carboxy-7-hydroxy-24-norcholan-3-yl-b-D-Glucopyranosiduronic acid","None",15,0.000758603016450318,0.105290710470889
"313","Alpha-Lactose","C00243",4,0.000757876043424179,0.105189809861802
"905","Pristanoyl-CoA","C07297",90,0.000756054964131374,0.1049370521896
"992","Stearoyl-CoA","C00412",90,0.000756054964131374,0.1049370521896
"765","Methylmalonic acid","C02170",7,0.000754898836753466,0.104776586873255
"575","Galactosylceramide (d18:1/16:0)","C02686",52,0.000752482546422675,0.104441216567422
"516","Dihydroxyacetone phosphate","C00111",12,0.000749565656718339,0.10403636530441
"493","DG(14:0/0:0/14:0)","None",103,0.000748894935184941,0.103943272151274
"793","N-Glycoloylganglioside GM1","C01808",32,0.000748803832801021,0.103930627547284
"827","Nitric oxide","C00533",6,0.000747993027153889,0.103818091344832
"587","Ganglioside GM3 (d18:1/12:0)","C04730",35,0.000743652524346058,0.103215648941457
"987","Sphingosine 1-phosphate","C06124",37,0.000742779713789083,0.103094506734456
"940","Rabeprazole","C07864",4,0.000738563786363942,0.102509354837798
"849","Oxoglutaric acid","C00026",55,0.000737593301136395,0.102374655822774
"30","1-Pentanol","C16834",31,0.000737565284028811,0.102370767173377
"978","SM(d18:1/18:0)","C00550",39,0.000736215992009098,0.102183491467497
"350","Beta-D-Glucose 6-phosphate","C01172",9,0.000729088560538653,0.101194235813245
"794","N-Glycoloylganglioside GM2","C01808",33,0.000726112807564627,0.100781214591306
"571","Galabiosylceramide (d18:1/9Z-18:1)","C06126",45,0.0007243721517531,0.100539619339103
"985","Sphinganine 1-phosphate","C01120",38,0.000723232879215686,0.100381493399339
"489","Dephospho-CoA","C00882",3,0.000720720720720721,0.100032817020503
"310","Alpha-D-Glucose","C00267",24,0.000720019965338952,0.0999355553033557
"538","dTDP","C00363",16,0.000719971668997881,0.0999288519869251
"698","L-Aspartic acid","C00049",24,0.000718879155329044,0.0997772159692761
"370","Caproic acid","C01585",10,0.000717456044550532,0.099579694549378
"651","Hydrogen peroxide","C00027",46,0.000714662860611149,0.0991920130940239
"995","Succinic acid semialdehyde","C00232",3,0.000713775874375446,0.0990689033661294
"977","SM(d16:1/24:1(15Z))","None",37,0.000711507806580706,0.0987541056862813
"286","Adenosine","C00212",16,0.000711115281872756,0.0986996250099839
"588","Ganglioside GM3 (d18:1/25:0)","C04730",37,0.000703455090597622,0.0976364246743515
"388","Chenodeoxyglycocholoyl-CoA","None",3,0.00070323488045007,0.0976058604894144
"862","Pantoprazole","C11806",7,0.000701327051222071,0.0973410623136662
"684","Isopropyl alcohol","C01845",36,0.000700027011195111,0.0971606225644021
"719","Lactosylceramide (d18:1/12:0)","C01290",54,0.000699992684039178,0.0971558581084769
"890","Phosphoric acid","C00009",585,0.000699900388604269,0.0971430479143384
"384","Ceramide (d18:1/20:0)","C00195",56,0.00069984092419329,0.0971347945196855
"828","Norepinephrine","C00547",20,0.000699782402760399,0.0971266720061794
"443","D-Glucose","C00031",27,0.000698948488949261,0.0970109284937728
"996","Succinyl-CoA","C00091",13,0.000698374472780801,0.0969312576133672
"382","Ceramide (d18:1/12:0)","C00195",54,0.00069550194123555,0.0965325630647154
"226","5-Hydroxykynurenamine","C05638",3,0.000694444444444444,0.0963857872332968
"524","DL-Dopa","C00355",3,0.000694444444444444,0.0963857872332968
"431","Cytidine triphosphate","C00063",50,0.000694282228238094,0.0963632723483751
"1039","Trihexosylceramide (d18:1/12:0)","C04737",47,0.000693547804869989,0.096261337665099
"640","Heptanoic acid","C17714",8,0.000692571689675093,0.0961258572357528
"779","N-Acetyl-D-mannosamine 6-phosphate","C04257",6,0.000692520775623269,0.0961187905927613
"789","N-Acetylneuraminic acid","C19910",9,0.000691248928468772,0.0959422638882751
"1070","Xanthylic acid","C00655",10,0.000689679945400338,0.0957244960460573
"1055","Uridine 5'-monophosphate","C00105",24,0.0006882146587499,0.0955211208035095
"933","Pyruvaldehyde","C00546",9,0.000687300555364344,0.095394247336331
"566","Fructose 1-phosphate","C01094",4,0.000686813186813187,0.0953266027582056
"924","Pyridoxal 5'-phosphate","C00018",68,0.000686125424454553,0.095231144414638
"148","3-O-Sulfogalactosylceramide (d18:1/12:0)","C06125",45,0.000684650256275502,0.0950263976600533
"383","Ceramide (d18:1/16:0)","C00195",61,0.000683525178052499,0.094870241827732
"597","Glucosamine 6-phosphate","C00352",11,0.000683358208761558,0.0948470672358983
"412","Coenzyme A","C00010",159,0.00068117182242334,0.0945436065773948
"601","Glucosylceramide","C01190",46,0.000681047888957042,0.0945264051658071
"585","Ganglioside GM1 (18:1/12:0)","C04911",39,0.000680686659275343,0.0944762680993778
"396","Cholic acid","C00695",24,0.000680110247499519,0.0943962647193697
"1007","Tetradecanoyl-CoA","C02593",12,0.000679840978177034,0.094358891340069
"766","Methylmalonyl-CoA","C00683",4,0.000676739926739927,0.0939284792510852
"469","Danazol","C06938",5,0.000672268907563025,0.0933079217586201
"490","Dermatan","C00426",13,0.00067194108921754,0.0932624220364293
"705","L-Glutamic acid","C00025",82,0.000671544082195616,0.0932073192349721
"381","Cer(d18:1/23:0)","None",50,0.000670340734130599,0.0930402998981623
"541","dUDP","C01346",8,0.000664893617021277,0.0922842643723054
"586","Ganglioside GM2 (d18:1/12:0)","C04884",40,0.000663669492793459,0.0921143613968933
"53","13-HETE","None",3,0.000662690523525513,0.0919784848349551
"457","D-Ribulose 5-phosphate","C00117",11,0.000662312803412065,0.0919260589702516
"800","N-Palmitoylsphingosine","None",48,0.000659403438848727,0.0915222521631998
"741","LPA(0:0/16:0)","C00416",34,0.000658509035138525,0.0913981129229742
"526","Docosahexaenoic acid","C06429",4,0.000657894736842105,0.0913128510631232
"958","S-Glutaryldihydrolipoamide","C06157",3,0.000655872038816785,0.091032109611355
"428","Cytidine","C00475",15,0.0006556195204334,0.0909970611875853
"1009","Tetrahexosylceramide (d18:1/9Z-18:1)","C03272",43,0.000655615360122724,0.090996483755045
"510","Dihydrolipoamide","C00579",3,0.000654878847413228,0.0908942590805156
"930","Pyrophosphate","C00013",289,0.000653791977946311,0.0907434064528839
"1003","Taurocholic acid","C05122",24,0.000649205842949217,0.0901068713987275
"252","6-Phosphonoglucono-D-lactone","C01236",3,0.000647249190938511,0.0898352968388009
"393","Cholesterol","C00187",19,0.000645064954005297,0.0895321345081117
"1028","Thymidine 5'-triphosphate","C00459",32,0.000645041500102351,0.089528879211137
"391","Chloroacetic acid","C06755",3,0.000644745325596389,0.0894877715125386
"48","12-Keto-tetrahydro-leukotriene B4","C02165",3,0.000641025641025641,0.0889714959076586
"1008","Tetrahexosylceramide (d18:1/12:0)","C03272",48,0.000638011468950168,0.0885531422860329
"465","D-Xylose","C00181",5,0.000632911392405063,0.087845274440473
"507","Dihydroceramide","C12126",53,0.000632396918991131,0.087773867828455
"181","4-Aminobutyraldehyde","C00555",6,0.000631587257727075,0.0876614904612623
"201","4-Trimethylammoniobutanal","C01149",6,0.000631587257727075,0.0876614904612623
"720","Lactosylceramide (d18:1/18:0)","C01290",49,0.000628760439436685,0.0872691407082122
"34","1-Pyrroline-5-carboxylic acid","C04322",3,0.000621890547263682,0.0863156303581762
"621","Glyoxylic acid","C00048",9,0.00062050523145624,0.0861233547114558
"192","4-Hydroxyproline","C01157",8,0.000619797987227105,0.0860251923712762
"670","Inosinic acid","C00130",25,0.000619472626290229,0.0859800337264246
"771","Myo-inositol 1-phosphate","C04006",5,0.000619195046439629,0.0859415068829395
"600","Glucose 6-phosphate","C00092",19,0.00061826233966471,0.0858120513484076
"881","Phosphoadenosine phosphosulfate","C00053",37,0.000615090495870743,0.0853718135964774
"13","(R)-lipoic acid","C00725",6,0.000609292351986475,0.0845670571220785
"349","Beta-D-Glucose","C00221",15,0.000609123909033111,0.0845436779924823
"607","Glutaric acid","C00489",3,0.000608272506082725,0.0844255070656614
"971","Selenohomocysteine","C05698",4,0.000606793761280348,0.0842202638917336
"754","Mannose 6-phosphate","C00275",14,0.000602631668940151,0.0836425840644172
"986","Sphingosine","C00319",50,0.000602567041113974,0.0836336140107965
"232","5-Methylcytosine","C02376",4,0.000600068048217022,0.0832867649581616
"892","Phosphorylcholine","C00588",13,0.000598778491876572,0.083107780297761
"830","O-Phosphoethanolamine","C00346",8,0.000597885433491821,0.0829838277826994
"984","Sphinganine","C00836",46,0.00059745324804774,0.0829238423733671
"788","N-Acetylmannosamine","C00645",7,0.000593589236248516,0.0823875347937954
"953","S-Acetyldihydrolipoamide-E","C16255",6,0.000590269945108655,0.0819268320088117
"674","Inositol 1,4,5-trisphosphate","C01245",24,0.000578032044749252,0.0802282660980896
"1054","Uridine 5'-diphosphate","C00015",119,0.000576033060496705,0.0799508160120675
"473","dCTP","C00458",22,0.000572063058617933,0.079399797482847
"1061","Uridine triphosphate","C00075",49,0.000571439427573715,0.0793132402792853
"616","Glycine","C00037",35,0.000567406520777529,0.0787534908284853
"336","Asymmetric dimethylarginine","C03626",3,0.000566185961327769,0.0785840826283458
"555","FAD","C00016",129,0.000565294048564456,0.0784602891204229
"663","Hypotaurine","C00519",3,0.000561167227833894,0.0778875048349873
"210","4a-Hydroxytetrahydrobiopterin","C15522",4,0.000553097345132743,0.0767674411592629
"37","1,3-Diaminopropane","C00986",5,0.000546448087431694,0.0758445538884958
"714","L-Palmitoylcarnitine","C02990",5,0.000545265163449812,0.0756803693232034
"207","4,8 Dimethylnonanoyl carnitine","None",3,0.000544662309368192,0.0755966958692524
"168","3a,7a-Dihydroxy-5b-cholestanate","None",7,0.000541360506623207,0.0751384203953677
"854","PA(16:0e/18:0)","None",41,0.000540814974192636,0.0750627029305616
"131","3-Hydroxy-3-methylglutaryl-CoA","C00356",5,0.000540540540540541,0.0750246127653769
"1043","Tyramine","C00483",8,0.000538194444444444,0.074698985105805
"1010","Tetrahydrobiopterin","C00272",10,0.000530564740398429,0.0736400162614066
"855","PA(P-16:0e/18:2(9Z,12Z))","C15647",42,0.000527938427188049,0.0732754957179292
"864","PC(16:0/16:0)","C00157",65,0.000526864220559002,0.0731264006356369
"271","8,11,14-Eicosatrienoic acid","C03242",5,0.000526315789473684,0.0730502808504986
"731","Linoleoyl-CoA","C02050",5,0.000526315789473684,0.0730502808504986
"647","Hyaluronic acid","C00518",24,0.000522569092584011,0.0725302560563992
"653","Hydrogen selenide","C01528",6,0.000513610683102209,0.0712868688320223
"963","Sapropterin","C00272",6,0.000507274095979324,0.0704073788409976
"448","D-Lactic acid","C00256",4,5e-04,0.0693977668079737
"552","Ethyl carbamate","C01537",3,0.00049825610363727,0.0691557217817376
"456","D-Ribose 5-phosphate","C00117",14,0.00049676029791271,0.0689481106280116
"236","5-Thymidylic acid","C00364",10,0.000493704845765938,0.0685240275168624
"599","Glucose 1-phosphate","C00103",13,0.000492009215714163,0.068288681639011
"929","Pyroglutamic acid","C01879",4,0.000489236790606654,0.067903881416804
"425","Cysteamine","C01678",4,0.000480769230769231,0.0667286219307439
"1053","Uridine","C00299",17,0.000477796521344157,0.0663160231398056
"894","Phytanoyl-CoA","C02060",3,0.000477554918815664,0.0662824897879405
"444","D-Glucurono-6,3-lactone","C02670",8,0.000473690443295307,0.0657461178459467
"610","Glyceric acid","C00258",8,0.000473690443295307,0.0657461178459467
"668","Indoleacetaldehyde","C00637",8,0.000473690443295307,0.0657461178459467
"809","N4-Acetylaminobutanal","C05936",8,0.000473690443295307,0.0657461178459467
"782","N-Acetyl-L-aspartic acid","C01042",7,0.000473036896877956,0.0656554085222078
"1059","Uridine diphosphate-N-acetylglucosamine","C00043",29,0.000472744114207679,0.0656147715952531
"344","Beta-Alanine","C00099",16,0.000465338238602209,0.0645868691386986
"99","2-Phosphoglyceric acid","None",14,0.000464387271793211,0.0644548791929926
"994","Succinic acid","C00042",31,0.000463679587589955,0.0643566557863702
"662","Hyperforin","C07608",5,0.000460829493087558,0.0639610753990541
"438","D-Erythrose 4-phosphate","C00279",6,0.000457875457875458,0.0635510685054704
"792","N-Acetylserine","None",3,0.000455373406193078,0.0632037949070798
"100","2,2,2-Trichloroethanol","C07490",23,0.000452330420554653,0.062781442091609
"228","5-Hydroxylysine","C16741",3,0.000452284034373587,0.0627750038968554
"853","PA(16:0/16:0)","C00416",52,0.000444468866885544,0.0616902935550546
"294","Adenosylcobalamin","C00194",3,0.000444444444444444,0.0616869038293099
"208","4a-Carbinolamine tetrahydrobiopterin","C00268",5,0.000442477876106195,0.0614139529274103
"196","4-Nitrophenol","C00870",12,0.000431778929188256,0.0599289868808063
"700","L-Carnitine","C15025",15,0.000426256832998167,0.0591625445934243
"865","PC(18:1(9Z)e/2:0)","C04598",65,0.00042274985330482,0.058675791475506
"426","Cysteic acid","C00506",4,0.000420875420875421,0.0584156286262405
"317","Ammonia","C00014",69,0.000420233696389297,0.0583265601337545
"787","N-Acetyllactosamine","C00611",6,0.000418760469011725,0.0581220827537468
"735","Lithium","C15473",6,0.000417710944026733,0.0579764133734116
"31","1-Phenylethylamine","C02455",5,0.000416666666666667,0.0578314723399781
"223","5-Hydroxy-L-tryptophan","C01017",5,0.000416666666666667,0.0578314723399781
"1042","Tryptamine","C00398",5,0.000416666666666667,0.0578314723399781
"693","L-3-Hydroxykynurenine","C03227",5,0.000411522633744856,0.0571175035456573
"369","Capric acid","C01571",4,0.000408496732026144,0.0566975219019393
"704","L-Fucose","C01019",4,0.000407166123778502,0.056512839420174
"475","Dehydroascorbic acid","C00425",4,0.000405186385737439,0.0562380606223449
"1017","TG(14:0/14:0/14:0)","None",29,0.000397694713493207,0.055198249975531
"318","Amylose","C00718",6,0.000394714333388486,0.0547845865285178
"492","Dextrin","C00721",5,0.000391389432485323,0.0543231051334432
"257","7-Dehydrocholesterol","C01164",5,0.000383877159309021,0.0532804351692696
"650","Hydrogen carbonate","C00288",19,0.000367889836834181,0.051061466215284
"667","Iduronic acid","C06472",12,0.000365497076023392,0.0507293617017351
"907","Propinol adenylate","C05983",4,0.000364431486880466,0.0505814626880275
"785","N-Acetylgalactosamine","C01074",12,0.000363901018922853,0.0505078361047843
"637","Heparan sulfate","C00925",12,0.00036262549697425,0.0503307993552891
"439","D-Fructose","C02336",14,0.000355867537854837,0.0493928248131554
"397","Choloyl-CoA","C01794",6,0.000351617440225035,0.0488029302447072
"626","Guanosine","C00387",5,0.000348432055749129,0.0483608131066019
"121","3-Aminopropionaldehyde","C05665",11,0.000344502140578405,0.0478153584334158
"594","Glucaric acid","C00818",11,0.000344502140578405,0.0478153584334158
"1019","TG(18:0/18:0/18:0)","C00422",34,0.00033921019680303,0.047080860273247
"157","3-Sulfinoalanine","C00606",5,0.000336700336700337,0.0467325029009924
"867","PC(O-16:0/18:2(9Z,12Z))","None",61,0.000330519135968551,0.0458745798470369
"839","Oleoyl-CoA","C00510",8,0.000328947368421053,0.0456564255315616
"375","Carnosine","C00386",6,0.000328731097961867,0.0456264081577736
"128","3-Deoxy-D-glycero-D-galacto-2-nonulosonic acid","None",6,0.000327439423706614,0.0454471295402578
"530","Dolichol-20","C00381",16,0.000327225130890052,0.045417386654433
"371","Caprylic acid","C06423",5,0.000326797385620915,0.0453580175215514
"672","Inositol 1,3,4,5-tetraphosphate","C01272",8,0.000322982613065644,0.0448285441291191
"506","Dihydrobiopterin","C02953",7,0.000317993619259284,0.0441360940715586
"708","L-Glutamine","C00064",26,0.000307499993411614,0.0426796256724652
"832","Octadecanol","D01924",5,0.000303951367781155,0.0421870922844825
"156","3-Phosphoglyceric acid","C00597",8,0.000299760191846523,0.0416053757841569
"877","Phenylethylamine","C05332",7,0.000297619047619048,0.0413081945285558
"1018","TG(16:0/16:0/18:0)[iso3]","C00422",27,0.000294694870714112,0.0409023318346478
"477","Deoxyadenosine","C00559",6,0.000290360046457607,0.0403006775888349
"1016","TG(10:0/10:0/10:0)[iso]","None",23,0.000289700019499085,0.0402090687949258
"1057","Uridine diphosphate glucuronic acid","C00167",34,0.000284088978760934,0.0394302814015334
"1056","Uridine diphosphate glucose","C00029",15,0.000277211343079607,0.0384756962871274
"410","Cob(I)alamin","C00853",3,0.000263504611330698,0.0365732631399071
"581","Ganglioside GA2 (d18:1/12:0)","C06135",10,0.00025850570621057,0.0358794374362634
"710","L-Kynurenine","C00328",8,0.000257201646090535,0.0356984397160358
"39","10-Formyltetrahydrofolate","C00234",8,0.000251574237178319,0.0349173804931897
"1044","Ubiquinol 8","None",6,0.000251004016064257,0.0348382363493844
"1026","Thymidine","C00214",7,0.000248880039820806,0.034543437933287
"398","Chondroitin","C00401",12,0.000248756218905473,0.0345262521432705
"701","L-Cystine","C00491",6,0.00024330900243309,0.0337702028262646
"749","LysoSM(d18:1)","C03640",10,0.000236406619385343,0.0328121828879308
"655","Hydroxycobalamin","C08230",9,0.000235983018591714,0.032753388989739
"752","Malonyl-CoA","C00083",11,0.000220553011351749,0.03061177290117
"472","dCMP","C00239",8,0.000217770034843206,0.0302255081916262
"481","Deoxycytidine","C00881",8,0.000217770034843206,0.0302255081916262
"870","PE(P-16:0e/16:0)","C04756",36,0.000210190754933255,0.0291735379920999
"868","PE(O-18:1(1Z)/20:4(5Z,8Z,11Z,14Z))","C00350",37,0.000204509923718843,0.0283850639923134
"89","2-Methoxyestradiol","C05302",19,0.000198235702249975,0.0275142300755174
"613","Glycerol 3-phosphate","C00093",14,0.000196502259775987,0.0272736360023477
"935","QH2","C00390",30,0.000193228764949422,0.0268192895411055
"413","Coenzyme Q10","C11378",8,0.000188253012048193,0.0261286772620383
"1045","Ubiquinone-1","C00399",31,0.000186995578983312,0.0259541511688118
"970","Selenocysteine","C05688",17,0.000181274358741956,0.0251600713524784
"866","PC(dm16:0/dm16:0)","None",38,0.000180615316899167,0.0250685992882333
"354","Bilirubin","C00486",25,0.000174193390212808,0.0241772645469576
"580","Ganglioside GA1 (d18:1/12:0)","C06136",3,0.000172980453208787,0.0240089143082421
"427","Cysteinylglycine","C01419",6,0.000172354360565322,0.0239220154456993
"1001","Taurine","C00245",10,0.000168350168350168,0.0233662514504962
"646","Hyaluronan","None",13,0.000167516724749183,0.0232505732011586
"554","Etiocholanolone","C04373",19,0.000162946064852534,0.0226161860218262
"695","L-Alanine","C00041",19,0.000154344806297268,0.0214223697508794
"429","Cytidine monophosphate","C00055",31,0.000133186939471432,0.0184857523346122
"918","PS(16:0/16:0)","C02737",34,0.00013166240458628,0.0182741537017115
"732","Liothyronine","C02465",7,0.000126087504728281,0.0175003825010651
"847","Oxidized glutathione","C00127",10,0.000103412616339193,0.0143532092674196
"869","PE(P-16:0e/0:0)","None",27,9.64477044914679e-05,0.0133865106109265
"139","3-Methoxy-4-hydroxyphenylglycol glucuronide","C03033",16,9.60061443932412e-05,0.0133252240414696
"289","Adenosine diphosphate ribose","C00301",7,9.5047999239616e-05,0.0131922377735907
"355","Bilirubin diglucuronide","C05787",17,9.03587241348152e-05,0.0125413873331479
"32","1-Phosphatidyl-1D-myo-inositol 3-phosphate","C04549",3,0,0
"41","11-cis-Retinol","C00899",6,0,0
"57","15(S)-HETE","C04742",5,0,0
"73","1D-myo-Inositol 3-phosphate","C04006",4,0,0
"79","2-Arachidonylglycerol","C13856",5,0,0
"90","2-Methoxyestrone","C05299",18,0,0
"97","2-Oxo-4-methylthiobutanoic acid","C01180",4,0,0
"98","2-Phospho-D-glyceric acid","C00631",6,0,0
"101","2,3-Diphosphoglyceric acid","C01159",4,0,0
"115","25-Hydroxycholesterol","C15519",3,0,0
"117","27-Hydroxycholesterol","C06340",3,0,0
"140","3-Methoxy-4-hydroxyphenylglycolaldehyde","C05583",5,0,0
"161","3,4-Dihydroxyphenylacetaldehyde","C04043",7,0,0
"177","3a,7b,12a-Trihydroxyoxocholanyl-Glycine","None",3,0,0
"179","4-(2-Amino-3-hydroxyphenyl)-2,4-dioxobutanoic acid","C05645",4,0,0
"180","4-(2-Aminophenyl)-2,4-dioxobutanoic acid","C01252",5,0,0
"189","4-Hydroxyphenylacetaldehyde","C03765",7,0,0
"191","4-Hydroxyphenylpyruvic acid","C01179",4,0,0
"213","4a-Methylzymosterol-4-carboxylic acid","C15808",3,0,0
"224","5-Hydroxy-N-formylkynurenine","C05648",3,0,0
"229","5-L-Glutamyl-taurine","C05844",5,0,0
"245","5(S)-Hydroperoxyeicosatetraenoic acid","C05356",6,0,0
"261","7,8-Dihydroneopterin","C04874",5,0,0
"268","7a,12a-Dihydroxy-cholestene-3-one","C05457",4,0,0
"279","Acetyl adenylate","C05993",3,0,0
"283","Acetylcysteine","C06809",3,0,0
"285","Adenine","C00147",4,0,0
"290","Adenosine phosphosulfate","C00224",5,0,0
"302","Aflatoxin B1","C06800",3,0,0
"311","Alpha-D-Glucose 1,6-bisphosphate","C01231",3,0,0
"314","Aminoacetone","C01888",5,0,0
"327","Aniline","C00292",27,0,0
"339","Azelaic acid","C08261",3,0,0
"345","Beta-Aminopropionitrile","C05670",3,0,0
"346","Beta-D-Fructose 2-phosphate","C03267",4,0,0
"377","CDP-DG(16:0/16:0)","None",3,0,0
"379","CE(18:2(9Z,12Z))","C15441",8,0,0
"390","Chitobiose","C01674",3,0,0
"395","Cholesteryl acetate","C02530",6,0,0
"399","Chondroitin 4-sulfate","C00634",9,0,0
"400","Chondroitin sulfate","C00607",10,0,0
"430","Cytidine monophosphate N-acetylneuraminic acid","C00128",13,0,0
"458","D-Sedoheptulose 7-phosphate","C00281",4,0,0
"459","D-Serine","C00740",3,0,0
"485","Deoxyribose 1-phosphate","C00672",3,0,0
"487","Deoxyuridine","C00526",5,0,0
"504","Diethylthiophosphate","C06607",3,0,0
"512","Dihydroneopterin triphosphate","C04895",6,0,0
"515","Dihydroxyacetone","C00184",5,0,0
"519","Dimethylamine","C00543",3,0,0
"527","Docosanoyl-CoA","None",4,0,0
"529","Dolichol phosphate","C00110",6,0,0
"531","Dolichyl b-D-glucosyl phosphate","C01246",5,0,0
"533","Dolichyl diphosphate","C00621",5,0,0
"534","Dolichyl phosphate D-mannose","C03862",7,0,0
"572","Galactaric acid","C00879",6,0,0
"579","Gamma-Glutamylcysteine","C00669",3,0,0
"591","GDP-L-fucose","C00325",8,0,0
"618","Glycocholic acid","C01921",4,0,0
"645","Homovanillic acid","C05582",3,0,0
"658","Hydroxyphenylacetylglycine","C05596",4,0,0
"673","Inositol 1,3,4,5,6-pentakisphosphate","C01284",4,0,0
"697","L-Asparagine","C00152",10,0,0
"723","Lathosterol","C01189",5,0,0
"726","Leukotriene C4","C02166",5,0,0
"727","Leukotriene D4","C05951",5,0,0
"737","Lithocholic acid glycine conjugate","C15557",4,0,0
"763","Methylamine","C00218",5,0,0
"777","N-Acetyl-D-Glucosamine 6-Phosphate","C00357",6,0,0
"786","N-Acetylgalactosamine 4-sulphate","C16265",4,0,0
"802","N,N-Dimethylaniline","C02846",5,0,0
"804","N'-Formylkynurenine","C02406",4,0,0
"875","Phenylacetic acid","C07086",3,0,0
"878","Phenylpyruvic acid","C00166",5,0,0
"891","Phosphoroselenoic acid","C05172",3,0,0
"898","Poly-N-acetyllactosamine","None",3,0,0
"943","Retinyl ester","C02075",6,0,0
"944","Retinyl palmitate","C02588",4,0,0
"964","Sarcosine","C00213",4,0,0
"967","Se-Methylselenocysteine","C05689",7,0,0
"969","Selenocystathionine","C05699",3,0,0
"1027","Thymidine 3',5'-cyclic monophosphate","C00364",5,0,0
"1029","Thyroxine","C01829",8,0,0
"1033","Trans-2-all-cis-6,9,12,15,18,21-tetracosaheptaenoyl-CoA","C16374",3,0,0
"1036","Trichloroethanol glucuronide","C14869",16,0,0
"1047","Undecaprenyl diphosphate","C03543",7,0,0
"1071","Xylulose 5-phosphate","C00231",4,0,0
